,Element,Occurrence Count
0,0,[23]
1,1,[629]
2,2,[63]
3,3,[115]
4,4,[266]
5,5,[24]
6,6,[277]
7,7,[47]
8,8,[22]
9,9,[12]
10,10,[27]
11,11,[400]
12,12,[134]
13,13,[29]
14,14,[110]
15,15,[177]
16,16,[397]
17,17,[282]
18,18,[300]
19,19,[58]
20,20,[194]
21,21,[954]
22,22,[113]
23,23,[45]
24,24,[503]
25,25,[1047]
26,26,[12]
27,27,[1127]
28,28,[134]
29,29,[50]
30,30,[24]
31,31,[203]
32,32,[760]
33,33,[580]
34,34,[1270]
35,35,[272]
36,36,[110]
37,37,[1313]
38,38,[667]
39,39,[12]
40,40,[110]
41,41,[645]
42,42,[661]
43,43,[421]
44,44,[468]
45,45,[875]
46,46,[17]
47,47,[325]
48,48,[316]
49,49,[82]
50,50,[300]
51,51,[145]
52,52,[1019]
53,53,[489]
54,54,[296]
55,55,[115]
56,56,[82]
57,57,[63]
58,58,[274]
59,59,[713]
60,60,[195]
61,61,[1009]
62,62,[824]
63,63,[134]
64,64,[120]
65,65,[407]
66,66,[65]
67,67,[227]
68,68,[749]
69,69,[654]
70,70,[160]
71,71,[681]
72,72,[116]
73,73,[699]
74,74,[842]
75,75,[214]
76,76,[82]
77,77,[681]
78,78,[203]
79,79,[305]
80,80,[785]
81,81,[688]
82,82,[12]
83,83,[114]
84,84,[82]
85,85,[29]
86,86,[1590]
87,87,[47]
88,88,[17]
89,89,[1391]
90,90,[427]
91,91,[29]
92,92,[131]
93,93,[770]
94,94,[110]
95,95,[86]
96,96,[1186]
97,97,[133]
98,98,[45]
99,99,[522]
100,100,[514]
101,101,[77]
102,102,[145]
103,103,[157]
104,104,[120]
105,105,[77]
106,106,[895]
107,107,[134]
108,108,[4]
109,109,[1151]
110,110,[473]
111,111,[729]
112,112,[540]
113,113,[23]
114,114,[1452]
115,115,[82]
116,116,[421]
117,117,[108]
118,118,[483]
119,119,[314]
120,120,[133]
121,121,[407]
122,122,[48]
123,123,[22]
124,124,[115]
125,125,[455]
126,126,[114]
127,127,[463]
128,128,[699]
129,129,[463]
130,130,[375]
131,131,[171]
132,132,[1]
133,133,[145]
134,134,[186]
135,135,[276]
136,136,[905]
137,137,[14]
138,138,[40]
139,139,[729]
140,140,[203]
141,141,[348]
142,142,[133]
143,143,[97]
144,144,[171]
145,145,[403]
146,146,[17]
147,147,[20]
148,148,[208]
149,149,[1263]
150,150,[105]
151,151,[296]
152,152,[47]
153,153,[172]
154,154,[1107]
155,155,[662]
156,156,[971]
157,157,[274]
158,158,[47]
159,159,[134]
160,160,[656]
161,161,[187]
162,162,[117]
163,163,[788]
164,164,[421]
165,165,[14]
166,166,[704]
167,167,[171]
168,168,[32]
169,169,[400]
170,170,[606]
171,171,[203]
172,172,[1178]
173,173,[145]
174,174,[194]
175,175,[139]
176,176,[194]
177,177,[21]
178,178,[4]
179,179,[623]
180,180,[488]
181,181,[393]
182,182,[47]
183,183,[847]
184,184,[522]
185,185,[593]
186,186,[345]
187,187,[662]
188,188,[593]
189,189,[400]
190,190,[47]
191,191,[86]
192,192,[1199]
193,193,[651]
194,194,[251]
195,195,[203]
196,196,[1418]
197,197,[522]
198,198,[697]
199,199,[160]
200,200,[108]
201,201,[635]
202,202,[339]
203,203,[86]
204,204,[754]
205,205,[133]
206,206,[133]
207,207,[40]
208,208,[662]
209,209,[812]
210,210,[898]
211,211,[393]
212,212,[300]
213,213,[928]
214,214,[503]
215,215,[656]
216,216,[47]
217,217,[667]
218,218,[593]
219,219,[376]
220,220,[691]
221,221,[12]
222,222,[458]
223,223,[7]
224,224,[14]
225,225,[4]
226,226,[1310]
227,227,[654]
228,228,[371]
229,229,[501]
230,230,[40]
231,231,[394]
232,232,[26]
233,233,[45]
234,234,[239]
235,235,[35]
236,236,[564]
237,237,[1454]
238,238,[128]
239,239,[277]
240,240,[155]
241,241,[12]
242,242,[113]
243,243,[116]
244,244,[28]
245,245,[296]
246,246,[14]
247,247,[40]
248,248,[632]
249,249,[133]
250,250,[86]
251,251,[522]
252,252,[235]
253,253,[1301]
254,254,[86]
255,255,[522]
256,256,[134]
257,257,[2]
258,258,[47]
259,259,[942]
260,260,[503]
261,261,[1370]
262,262,[113]
263,263,[63]
264,264,[13]
265,265,[47]
266,266,[564]
267,267,[653]
268,268,[161]
269,269,[788]
270,270,[775]
271,271,[488]
272,272,[12]
273,273,[63]
274,274,[76]
275,275,[463]
276,276,[681]
277,277,[180]
278,278,[353]
279,279,[656]
280,280,[205]
281,281,[683]
282,282,[12]
283,283,[663]
284,284,[1717]
285,285,[335]
286,286,[58]
287,287,[277]
288,288,[751]
289,289,[335]
290,290,[65]
291,291,[133]
292,292,[688]
293,293,[775]
294,294,[114]
295,295,[306]
296,296,[115]
297,297,[47]
298,298,[1367]
299,299,[787]
300,300,[123]
301,301,[1596]
302,302,[47]
303,303,[730]
304,304,[1530]
305,305,[488]
306,306,[177]
307,307,[12]
308,308,[133]
309,309,[1912]
310,310,[514]
311,311,[336]
312,312,[47]
313,313,[1196]
314,314,[758]
315,315,[133]
316,316,[63]
317,317,[29]
318,318,[681]
319,319,[82]
320,320,[305]
321,321,[86]
322,322,[662]
323,323,[26]
324,324,[541]
325,325,[4]
326,326,[75]
327,327,[522]
328,328,[778]
329,329,[412]
330,330,[680]
331,331,[681]
332,332,[1186]
333,333,[401]
334,334,[12]
335,335,[195]
336,336,[136]
337,337,[662]
338,338,[347]
339,339,[1204]
340,340,[134]
341,341,[269]
342,342,[563]
343,343,[157]
344,344,[47]
345,345,[1359]
346,346,[61]
347,347,[1730]
348,348,[115]
349,349,[37]
350,350,[138]
351,351,[352]
352,352,[14]
353,353,[29]
354,354,[114]
355,355,[593]
356,356,[398]
357,357,[336]
358,358,[133]
359,359,[514]
360,360,[134]
361,361,[115]
362,362,[315]
363,363,[108]
364,364,[634]
365,365,[448]
366,366,[77]
367,367,[557]
368,368,[288]
369,369,[323]
370,370,[310]
371,371,[22]
372,372,[514]
373,373,[63]
374,374,[489]
375,375,[184]
376,376,[203]
377,377,[22]
378,378,[110]
379,379,[956]
380,380,[40]
381,381,[964]
382,382,[167]
383,383,[1348]
384,384,[82]
385,385,[394]
386,386,[681]
387,387,[1014]
388,388,[110]
389,389,[1524]
390,390,[59]
391,391,[16]
392,392,[14]
393,393,[316]
394,394,[158]
395,395,[618]
396,396,[118]
397,397,[253]
398,398,[323]
399,399,[296]
400,400,[63]
401,401,[288]
402,402,[157]
403,403,[14]
404,404,[22]
405,405,[14]
406,406,[73]
407,407,[13]
408,408,[47]
409,409,[1044]
410,410,[24]
411,411,[44]
412,412,[1047]
413,413,[110]
414,414,[458]
415,415,[108]
416,416,[305]
417,417,[488]
418,418,[110]
419,419,[125]
420,420,[631]
421,421,[133]
422,422,[29]
423,423,[442]
424,424,[393]
425,425,[1444]
426,426,[133]
427,427,[47]
428,428,[155]
429,429,[681]
430,430,[25]
431,431,[1091]
432,432,[277]
433,433,[24]
434,434,[40]
435,435,[296]
436,436,[12]
437,437,[296]
438,438,[277]
439,439,[685]
440,440,[133]
441,441,[702]
442,442,[2260]
443,443,[1235]
444,444,[654]
445,445,[278]
446,446,[1263]
447,447,[184]
448,448,[248]
449,449,[223]
450,450,[1290]
451,451,[407]
452,452,[549]
453,453,[157]
454,454,[108]
455,455,[505]
456,456,[14]
457,457,[133]
458,458,[662]
459,459,[690]
460,460,[2093]
461,461,[4]
462,462,[288]
463,463,[47]
464,464,[955]
465,465,[47]
466,466,[468]
467,467,[466]
468,468,[13]
469,469,[24]
470,470,[40]
471,471,[133]
472,472,[1199]
473,473,[365]
474,474,[35]
475,475,[571]
476,476,[323]
477,477,[108]
478,478,[45]
479,479,[58]
480,480,[125]
481,481,[63]
482,482,[47]
483,483,[662]
484,484,[427]
485,485,[345]
486,486,[47]
487,487,[421]
488,488,[12]
489,489,[300]
490,490,[47]
491,491,[660]
492,492,[86]
493,493,[969]
494,494,[12]
495,495,[82]
496,496,[63]
497,497,[14]
498,498,[1140]
499,499,[13]
500,500,[407]
501,501,[4]
502,502,[203]
503,503,[1524]
504,504,[12]
505,505,[181]
506,506,[12]
507,507,[540]
508,508,[40]
509,509,[503]
510,510,[667]
511,511,[691]
512,512,[549]
513,513,[47]
514,514,[314]
515,515,[4]
516,516,[848]
517,517,[278]
518,518,[47]
519,519,[563]
520,520,[14]
521,521,[134]
522,522,[114]
523,523,[389]
524,524,[419]
525,525,[155]
526,526,[376]
527,527,[110]
528,528,[451]
529,529,[63]
530,530,[108]
531,531,[272]
532,532,[312]
533,533,[2]
534,534,[108]
535,535,[2031]
536,536,[1290]
537,537,[436]
538,538,[841]
539,539,[47]
540,540,[775]
541,541,[133]
542,542,[797]
543,543,[300]
544,544,[662]
545,545,[458]
546,546,[12]
547,547,[163]
548,548,[1007]
549,549,[639]
550,550,[22]
551,551,[160]
552,552,[618]
553,553,[1310]
554,554,[34]
555,555,[449]
556,556,[514]
557,557,[1041]
558,558,[29]
559,559,[522]
560,560,[195]
561,561,[150]
562,562,[508]
563,563,[153]
564,564,[133]
565,565,[751]
566,566,[514]
567,567,[17]
568,568,[1099]
569,569,[2]
570,570,[777]
571,571,[82]
572,572,[366]
573,573,[14]
574,574,[631]
575,575,[496]
576,576,[1047]
577,577,[114]
578,578,[35]
579,579,[814]
580,580,[2]
581,581,[184]
582,582,[21]
583,583,[47]
584,584,[770]
585,585,[4]
586,586,[314]
587,587,[1290]
588,588,[296]
589,589,[278]
590,590,[14]
591,591,[114]
592,592,[688]
593,593,[1311]
594,594,[118]
595,595,[133]
596,596,[1367]
597,597,[108]
598,598,[14]
599,599,[47]
600,600,[348]
601,601,[540]
602,602,[134]
603,603,[1436]
604,604,[335]
605,605,[541]
606,606,[214]
607,607,[446]
608,608,[195]
609,609,[501]
610,610,[14]
611,611,[315]
612,612,[45]
613,613,[305]
614,614,[463]
615,615,[134]
616,616,[47]
617,617,[311]
618,618,[108]
619,619,[253]
620,620,[1467]
621,621,[47]
622,622,[272]
623,623,[63]
624,624,[86]
625,625,[12]
626,626,[474]
627,627,[651]
628,628,[493]
629,629,[376]
630,630,[376]
631,631,[478]
632,632,[47]
633,633,[299]
634,634,[1484]
635,635,[522]
636,636,[44]
637,637,[488]
638,638,[289]
639,639,[17]
640,640,[999]
641,641,[116]
642,642,[184]
643,643,[82]
644,644,[146]
645,645,[551]
646,646,[162]
647,647,[157]
648,648,[63]
649,649,[35]
650,650,[63]
651,651,[905]
652,652,[662]
653,653,[814]
654,654,[1053]
655,655,[13]
656,656,[667]
657,657,[47]
658,658,[22]
659,659,[965]
660,660,[40]
661,661,[778]
662,662,[407]
663,663,[1188]
664,664,[510]
665,665,[14]
666,666,[248]
667,667,[258]
668,668,[256]
669,669,[44]
670,670,[2201]
671,671,[203]
672,672,[3138]
673,673,[751]
674,674,[662]
675,675,[45]
676,676,[20]
677,677,[1132]
678,678,[35]
679,679,[662]
680,680,[305]
681,681,[12]
682,682,[277]
683,683,[662]
684,684,[478]
685,685,[116]
686,686,[366]
687,687,[1195]
688,688,[71]
689,689,[393]
690,690,[376]
691,691,[208]
692,692,[120]
693,693,[186]
694,694,[289]
695,695,[556]
696,696,[20]
697,697,[63]
698,698,[945]
699,699,[203]
700,700,[247]
701,701,[1237]
702,702,[21]
703,703,[667]
704,704,[82]
705,705,[354]
706,706,[82]
707,707,[133]
708,708,[1523]
709,709,[1443]
710,710,[152]
711,711,[503]
712,712,[40]
713,713,[143]
714,714,[376]
715,715,[272]
716,716,[133]
717,717,[311]
718,718,[489]
719,719,[183]
720,720,[945]
721,721,[203]
722,722,[29]
723,723,[114]
724,724,[22]
725,725,[401]
726,726,[47]
727,727,[73]
728,728,[116]
729,729,[114]
730,730,[466]
731,731,[1329]
732,732,[296]
733,733,[662]
734,734,[510]
735,735,[47]
736,736,[203]
737,737,[1079]
738,738,[12]
739,739,[133]
740,740,[1523]
741,741,[133]
742,742,[370]
743,743,[12]
744,744,[82]
745,745,[45]
746,746,[40]
747,747,[134]
748,748,[894]
749,749,[14]
750,750,[58]
751,751,[206]
752,752,[1397]
753,753,[311]
754,754,[14]
755,755,[787]
756,756,[272]
757,757,[214]
758,758,[1262]
759,759,[14]
760,760,[47]
761,761,[540]
762,762,[12]
763,763,[40]
764,764,[63]
765,765,[291]
766,766,[848]
767,767,[29]
768,768,[1211]
769,769,[470]
770,770,[133]
771,771,[804]
772,772,[29]
773,773,[143]
774,774,[60]
775,775,[4]
776,776,[130]
777,777,[1024]
778,778,[669]
779,779,[160]
780,780,[549]
781,781,[196]
782,782,[942]
783,783,[670]
784,784,[626]
785,785,[133]
786,786,[195]
787,787,[128]
788,788,[671]
789,789,[12]
790,790,[34]
791,791,[195]
792,792,[12]
793,793,[1047]
794,794,[1263]
795,795,[417]
796,796,[401]
797,797,[1400]
798,798,[386]
799,799,[458]
800,800,[1051]
801,801,[495]
802,802,[134]
803,803,[12]
804,804,[651]
805,805,[788]
806,806,[305]
807,807,[751]
808,808,[247]
809,809,[720]
810,810,[44]
811,811,[184]
812,812,[692]
813,813,[155]
814,814,[171]
815,815,[421]
816,816,[1149]
817,817,[348]
818,818,[377]
819,819,[503]
820,820,[105]
821,821,[300]
822,822,[47]
823,823,[1290]
824,824,[1186]
825,825,[336]
826,826,[274]
827,827,[311]
828,828,[152]
829,829,[180]
830,830,[14]
831,831,[253]
832,832,[21]
833,833,[288]
834,834,[180]
835,835,[24]
836,836,[629]
837,837,[397]
838,838,[458]
839,839,[13]
840,840,[82]
841,841,[29]
842,842,[549]
843,843,[114]
844,844,[247]
845,845,[12]
846,846,[113]
847,847,[108]
848,848,[1078]
849,849,[901]
850,850,[407]
851,851,[618]
852,852,[514]
853,853,[1505]
854,854,[276]
855,855,[47]
856,856,[1211]
857,857,[770]
858,858,[133]
859,859,[248]
860,860,[969]
861,861,[623]
862,862,[497]
863,863,[1186]
864,864,[496]
865,865,[305]
866,866,[13]
867,867,[1153]
868,868,[12]
869,869,[269]
870,870,[29]
871,871,[370]
872,872,[754]
873,873,[1196]
874,874,[82]
875,875,[120]
876,876,[128]
877,877,[503]
878,878,[445]
879,879,[1659]
880,880,[397]
881,881,[536]
882,882,[348]
883,883,[875]
884,884,[503]
885,885,[82]
886,886,[110]
887,887,[305]
888,888,[1386]
889,889,[483]
890,890,[266]
891,891,[146]
892,892,[195]
893,893,[47]
894,894,[681]
895,895,[29]
896,896,[522]
897,897,[58]
898,898,[376]
899,899,[108]
900,900,[311]
901,901,[284]
902,902,[662]
903,903,[113]
904,904,[14]
905,905,[604]
906,906,[14]
907,907,[548]
908,908,[315]
909,909,[1405]
910,910,[305]
911,911,[47]
912,912,[74]
913,913,[1472]
914,914,[321]
915,915,[55]
916,916,[12]
917,917,[296]
918,918,[1127]
919,919,[114]
920,920,[4]
921,921,[831]
922,922,[110]
923,923,[316]
924,924,[21]
925,925,[171]
926,926,[468]
927,927,[16]
928,928,[484]
929,929,[207]
930,930,[1181]
931,931,[47]
932,932,[364]
933,933,[581]
934,934,[378]
935,935,[82]
936,936,[370]
937,937,[4]
938,938,[312]
939,939,[114]
940,940,[1593]
941,941,[214]
942,942,[22]
943,943,[184]
944,944,[277]
945,945,[296]
946,946,[289]
947,947,[4]
948,948,[508]
949,949,[942]
950,950,[1555]
951,951,[862]
952,952,[112]
953,953,[394]
954,954,[272]
955,955,[108]
956,956,[336]
957,957,[163]
958,958,[277]
959,959,[348]
960,960,[380]
961,961,[50]
962,962,[699]
963,963,[681]
964,964,[14]
965,965,[345]
966,966,[110]
967,967,[108]
968,968,[50]
969,969,[660]
970,970,[163]
971,971,[409]
972,972,[681]
973,973,[370]
974,974,[272]
975,975,[667]
976,976,[146]
977,977,[171]
978,978,[12]
979,979,[299]
980,980,[754]
981,981,[110]
982,982,[800]
983,983,[428]
984,984,[194]
985,985,[1639]
986,986,[108]
987,987,[310]
988,988,[203]
989,989,[157]
990,990,[77]
991,991,[47]
992,992,[47]
993,993,[114]
994,994,[980]
995,995,[522]
996,996,[116]
997,997,[172]
998,998,[470]
999,999,[63]
1000,1000,[161]
1001,1001,[348]
1002,1002,[14]
1003,1003,[436]
1004,1004,[787]
1005,1005,[942]
1006,1006,[958]
1007,1007,[35]
1008,1008,[121]
1009,1009,[1571]
1010,1010,[554]
1011,1011,[376]
1012,1012,[681]
1013,1013,[150]
1014,1014,[84]
1015,1015,[564]
1016,1016,[312]
1017,1017,[1188]
1018,1018,[400]
1019,1019,[377]
1020,1020,[1211]
1021,1021,[257]
1022,1022,[1076]
1023,1023,[1263]
1024,1024,[171]
1025,1025,[82]
1026,1026,[45]
1027,1027,[45]
1028,1028,[24]
1029,1029,[407]
1030,1030,[634]
1031,1031,[86]
1032,1032,[196]
1033,1033,[990]
1034,1034,[17]
1035,1035,[14]
1036,1036,[82]
1037,1037,[1252]
1038,1038,[662]
1039,1039,[1049]
1040,1040,[89]
1041,1041,[506]
1042,1042,[14]
1043,1043,[924]
1044,1044,[269]
1045,1045,[523]
1046,1046,[499]
1047,1047,[214]
1048,1048,[243]
1049,1049,[22]
1050,1050,[934]
1051,1051,[274]
1052,1052,[787]
1053,1053,[541]
1054,1054,[47]
1055,1055,[875]
1056,1056,[152]
1057,1057,[12]
1058,1058,[580]
1059,1059,[407]
1060,1060,[403]
1061,1061,[89]
1062,1062,[397]
1063,1063,[688]
1064,1064,[1728]
1065,1065,[681]
1066,1066,[758]
1067,1067,[604]
1068,1068,[2463]
1069,1069,[372]
1070,1070,[788]
1071,1071,[65]
1072,1072,[1181]
1073,1073,[4]
1074,1074,[14]
1075,1075,[458]
1076,1076,[894]
1077,1077,[278]
1078,1078,[145]
1079,1079,[17]
1080,1080,[47]
1081,1081,[63]
1082,1082,[496]
1083,1083,[933]
1084,1084,[63]
1085,1085,[522]
1086,1086,[71]
1087,1087,[442]
1088,1088,[14]
1089,1089,[45]
1090,1090,[377]
1091,1091,[305]
1092,1092,[120]
1093,1093,[1386]
1094,1094,[45]
1095,1095,[984]
1096,1096,[114]
1097,1097,[400]
1098,1098,[316]
1099,1099,[604]
1100,1100,[12]
1101,1101,[206]
1102,1102,[980]
1103,1103,[235]
1104,1104,[1310]
1105,1105,[751]
1106,1106,[1156]
1107,1107,[315]
1108,1108,[506]
1109,1109,[284]
1110,1110,[35]
1111,1111,[305]
1112,1112,[169]
1113,1113,[564]
1114,1114,[782]
1115,1115,[681]
1116,1116,[155]
1117,1117,[133]
1118,1118,[12]
1119,1119,[506]
1120,1120,[1076]
1121,1121,[327]
1122,1122,[503]
1123,1123,[585]
1124,1124,[377]
1125,1125,[160]
1126,1126,[753]
1127,1127,[432]
1128,1128,[4]
1129,1129,[13]
1130,1130,[152]
1131,1131,[133]
1132,1132,[340]
1133,1133,[12]
1134,1134,[71]
1135,1135,[691]
1136,1136,[442]
1137,1137,[214]
1138,1138,[45]
1139,1139,[901]
1140,1140,[517]
1141,1141,[311]
1142,1142,[1188]
1143,1143,[35]
1144,1144,[148]
1145,1145,[885]
1146,1146,[152]
1147,1147,[1050]
1148,1148,[134]
1149,1149,[961]
1150,1150,[277]
1151,1151,[114]
1152,1152,[187]
1153,1153,[47]
1154,1154,[289]
1155,1155,[564]
1156,1156,[133]
1157,1157,[564]
1158,1158,[407]
1159,1159,[654]
1160,1160,[274]
1161,1161,[1127]
1162,1162,[942]
1163,1163,[2268]
1164,1164,[604]
1165,1165,[770]
1166,1166,[214]
1167,1167,[133]
1168,1168,[549]
1169,1169,[61]
1170,1170,[82]
1171,1171,[401]
1172,1172,[564]
1173,1173,[47]
1174,1174,[401]
1175,1175,[12]
1176,1176,[458]
1177,1177,[1074]
1178,1178,[877]
1179,1179,[203]
1180,1180,[203]
1181,1181,[12]
1182,1182,[1047]
1183,1183,[288]
1184,1184,[656]
1185,1185,[486]
1186,1186,[110]
1187,1187,[787]
1188,1188,[247]
1189,1189,[1113]
1190,1190,[990]
1191,1191,[370]
1192,1192,[110]
1193,1193,[2]
1194,1194,[875]
1195,1195,[214]
1196,1196,[207]
1197,1197,[300]
1198,1198,[1821]
1199,1199,[29]
1200,1200,[187]
1201,1201,[12]
1202,1202,[1073]
1203,1203,[604]
1204,1204,[704]
1205,1205,[478]
1206,1206,[659]
1207,1207,[35]
1208,1208,[25]
1209,1209,[40]
1210,1210,[206]
1211,1211,[682]
1212,1212,[35]
1213,1213,[2551]
1214,1214,[496]
1215,1215,[149]
1216,1216,[788]
1217,1217,[1156]
1218,1218,[133]
1219,1219,[86]
1220,1220,[458]
1221,1221,[662]
1222,1222,[1191]
1223,1223,[765]
1224,1224,[14]
1225,1225,[105]
1226,1226,[342]
1227,1227,[47]
1228,1228,[1861]
1229,1229,[503]
1230,1230,[47]
1231,1231,[108]
1232,1232,[47]
1233,1233,[373]
1234,1234,[688]
1235,1235,[470]
1236,1236,[1153]
1237,1237,[29]
1238,1238,[235]
1239,1239,[82]
1240,1240,[315]
1241,1241,[1127]
1242,1242,[315]
1243,1243,[328]
1244,1244,[114]
1245,1245,[12]
1246,1246,[1001]
1247,1247,[699]
1248,1248,[40]
1249,1249,[47]
1250,1250,[178]
1251,1251,[71]
1252,1252,[223]
1253,1253,[401]
1254,1254,[354]
1255,1255,[1196]
1256,1256,[179]
1257,1257,[80]
1258,1258,[770]
1259,1259,[55]
1260,1260,[15]
1261,1261,[340]
1262,1262,[488]
1263,1263,[458]
1264,1264,[604]
1265,1265,[47]
1266,1266,[1195]
1267,1267,[1178]
1268,1268,[1310]
1269,1269,[315]
1270,1270,[296]
1271,1271,[223]
1272,1272,[1186]
1273,1273,[203]
1274,1274,[63]
1275,1275,[656]
1276,1276,[593]
1277,1277,[400]
1278,1278,[1287]
1279,1279,[157]
1280,1280,[118]
1281,1281,[47]
1282,1282,[909]
1283,1283,[1967]
1284,1284,[203]
1285,1285,[189]
1286,1286,[223]
1287,1287,[65]
1288,1288,[12]
1289,1289,[194]
1290,1290,[681]
1291,1291,[964]
1292,1292,[47]
1293,1293,[681]
1294,1294,[203]
1295,1295,[335]
1296,1296,[503]
1297,1297,[782]
1298,1298,[804]
1299,1299,[1126]
1300,1300,[108]
1301,1301,[503]
1302,1302,[421]
1303,1303,[48]
1304,1304,[226]
1305,1305,[496]
1306,1306,[35]
1307,1307,[253]
1308,1308,[1079]
1309,1309,[20]
1310,1310,[24]
1311,1311,[648]
1312,1312,[277]
1313,1313,[299]
1314,1314,[47]
1315,1315,[108]
1316,1316,[501]
1317,1317,[726]
1318,1318,[1452]
1319,1319,[626]
1320,1320,[510]
1321,1321,[643]
1322,1322,[279]
1323,1323,[314]
1324,1324,[423]
1325,1325,[108]
1326,1326,[2217]
1327,1327,[514]
1328,1328,[380]
1329,1329,[152]
1330,1330,[61]
1331,1331,[427]
1332,1332,[427]
1333,1333,[14]
1334,1334,[127]
1335,1335,[17]
1336,1336,[515]
1337,1337,[1590]
1338,1338,[581]
1339,1339,[12]
1340,1340,[2537]
1341,1341,[875]
1342,1342,[1343]
1343,1343,[63]
1344,1344,[1504]
1345,1345,[488]
1346,1346,[47]
1347,1347,[24]
1348,1348,[40]
1349,1349,[40]
1350,1350,[120]
1351,1351,[39]
1352,1352,[493]
1353,1353,[40]
1354,1354,[274]
1355,1355,[514]
1356,1356,[1153]
1357,1357,[505]
1358,1358,[34]
1359,1359,[63]
1360,1360,[13]
1361,1361,[777]
1362,1362,[167]
1363,1363,[226]
1364,1364,[63]
1365,1365,[47]
1366,1366,[4]
1367,1367,[108]
1368,1368,[1110]
1369,1369,[899]
1370,1370,[108]
1371,1371,[47]
1372,1372,[40]
1373,1373,[14]
1374,1374,[278]
1375,1375,[14]
1376,1376,[133]
1377,1377,[1202]
1378,1378,[770]
1379,1379,[626]
1380,1380,[300]
1381,1381,[1794]
1382,1382,[14]
1383,1383,[134]
1384,1384,[134]
1385,1385,[47]
1386,1386,[24]
1387,1387,[137]
1388,1388,[12]
1389,1389,[38]
1390,1390,[1055]
1391,1391,[421]
1392,1392,[17]
1393,1393,[133]
1394,1394,[777]
1395,1395,[486]
1396,1396,[12]
1397,1397,[1196]
1398,1398,[114]
1399,1399,[270]
1400,1400,[14]
1401,1401,[29]
1402,1402,[71]
1403,1403,[1314]
1404,1404,[548]
1405,1405,[45]
1406,1406,[278]
1407,1407,[803]
1408,1408,[158]
1409,1409,[1773]
1410,1410,[177]
1411,1411,[63]
1412,1412,[203]
1413,1413,[631]
1414,1414,[442]
1415,1415,[662]
1416,1416,[623]
1417,1417,[137]
1418,1418,[47]
1419,1419,[258]
1420,1420,[146]
1421,1421,[856]
1422,1422,[315]
1423,1423,[1083]
1424,1424,[470]
1425,1425,[58]
1426,1426,[296]
1427,1427,[770]
1428,1428,[898]
1429,1429,[114]
1430,1430,[463]
1431,1431,[29]
1432,1432,[407]
1433,1433,[536]
1434,1434,[770]
1435,1435,[108]
1436,1436,[1051]
1437,1437,[662]
1438,1438,[1177]
1439,1439,[71]
1440,1440,[458]
1441,1441,[330]
1442,1442,[1178]
1443,1443,[654]
1444,1444,[63]
1445,1445,[47]
1446,1446,[573]
1447,1447,[340]
1448,1448,[812]
1449,1449,[692]
1450,1450,[1330]
1451,1451,[47]
1452,1452,[171]
1453,1453,[110]
1454,1454,[1544]
1455,1455,[47]
1456,1456,[25]
1457,1457,[82]
1458,1458,[113]
1459,1459,[47]
1460,1460,[1524]
1461,1461,[133]
1462,1462,[401]
1463,1463,[4]
1464,1464,[148]
1465,1465,[1590]
1466,1466,[593]
1467,1467,[942]
1468,1468,[1186]
1469,1469,[373]
1470,1470,[47]
1471,1471,[514]
1472,1472,[557]
1473,1473,[397]
1474,1474,[1287]
1475,1475,[13]
1476,1476,[623]
1477,1477,[47]
1478,1478,[1263]
1479,1479,[47]
1480,1480,[86]
1481,1481,[667]
1482,1482,[635]
1483,1483,[336]
1484,1484,[35]
1485,1485,[82]
1486,1486,[195]
1487,1487,[63]
1488,1488,[654]
1489,1489,[325]
1490,1490,[105]
1491,1491,[269]
1492,1492,[296]
1493,1493,[998]
1494,1494,[296]
1495,1495,[424]
1496,1496,[464]
1497,1497,[12]
1498,1498,[407]
1499,1499,[186]
1500,1500,[300]
1501,1501,[573]
1502,1502,[416]
1503,1503,[316]
1504,1504,[455]
1505,1505,[403]
1506,1506,[35]
1507,1507,[134]
1508,1508,[116]
1509,1509,[133]
1510,1510,[24]
1511,1511,[770]
1512,1512,[274]
1513,1513,[315]
1514,1514,[133]
1515,1515,[972]
1516,1516,[47]
1517,1517,[116]
1518,1518,[14]
1519,1519,[704]
1520,1520,[683]
1521,1521,[133]
1522,1522,[1211]
1523,1523,[187]
1524,1524,[1893]
1525,1525,[65]
1526,1526,[203]
1527,1527,[47]
1528,1528,[86]
1529,1529,[158]
1530,1530,[133]
1531,1531,[253]
1532,1532,[667]
1533,1533,[71]
1534,1534,[427]
1535,1535,[523]
1536,1536,[1452]
1537,1537,[269]
1538,1538,[177]
1539,1539,[40]
1540,1540,[14]
1541,1541,[377]
1542,1542,[114]
1543,1543,[1175]
1544,1544,[425]
1545,1545,[376]
1546,1546,[61]
1547,1547,[824]
1548,1548,[133]
1549,1549,[50]
1550,1550,[47]
1551,1551,[1047]
1552,1552,[13]
1553,1553,[758]
1554,1554,[14]
1555,1555,[311]
1556,1556,[506]
1557,1557,[114]
1558,1558,[770]
1559,1559,[522]
1560,1560,[61]
1561,1561,[875]
1562,1562,[194]
1563,1563,[617]
1564,1564,[1053]
1565,1565,[134]
1566,1566,[274]
1567,1567,[296]
1568,1568,[1340]
1569,1569,[699]
1570,1570,[2117]
1571,1571,[662]
1572,1572,[315]
1573,1573,[493]
1574,1574,[40]
1575,1575,[980]
1576,1576,[22]
1577,1577,[116]
1578,1578,[45]
1579,1579,[898]
1580,1580,[247]
1581,1581,[593]
1582,1582,[667]
1583,1583,[208]
1584,1584,[576]
1585,1585,[149]
1586,1586,[2282]
1587,1587,[4]
1588,1588,[770]
1589,1589,[64]
1590,1590,[969]
1591,1591,[1196]
1592,1592,[58]
1593,1593,[76]
1594,1594,[40]
1595,1595,[171]
1596,1596,[373]
1597,1597,[801]
1598,1598,[4]
1599,1599,[400]
1600,1600,[313]
1601,1601,[25]
1602,1602,[315]
1603,1603,[214]
1604,1604,[108]
1605,1605,[34]
1606,1606,[47]
1607,1607,[184]
1608,1608,[681]
1609,1609,[691]
1610,1610,[63]
1611,1611,[86]
1612,1612,[393]
1613,1613,[514]
1614,1614,[105]
1615,1615,[651]
1616,1616,[721]
1617,1617,[47]
1618,1618,[61]
1619,1619,[682]
1620,1620,[311]
1621,1621,[110]
1622,1622,[71]
1623,1623,[1242]
1624,1624,[471]
1625,1625,[389]
1626,1626,[47]
1627,1627,[320]
1628,1628,[134]
1629,1629,[407]
1630,1630,[684]
1631,1631,[758]
1632,1632,[133]
1633,1633,[113]
1634,1634,[914]
1635,1635,[47]
1636,1636,[540]
1637,1637,[47]
1638,1638,[1011]
1639,1639,[323]
1640,1640,[50]
1641,1641,[2179]
1642,1642,[380]
1643,1643,[824]
1644,1644,[393]
1645,1645,[319]
1646,1646,[844]
1647,1647,[139]
1648,1648,[243]
1649,1649,[110]
1650,1650,[153]
1651,1651,[133]
1652,1652,[593]
1653,1653,[606]
1654,1654,[300]
1655,1655,[380]
1656,1656,[300]
1657,1657,[394]
1658,1658,[407]
1659,1659,[47]
1660,1660,[330]
1661,1661,[47]
1662,1662,[72]
1663,1663,[113]
1664,1664,[155]
1665,1665,[1777]
1666,1666,[2132]
1667,1667,[14]
1668,1668,[681]
1669,1669,[22]
1670,1670,[2017]
1671,1671,[47]
1672,1672,[12]
1673,1673,[681]
1674,1674,[143]
1675,1675,[1443]
1676,1676,[662]
1677,1677,[296]
1678,1678,[29]
1679,1679,[486]
1680,1680,[288]
1681,1681,[755]
1682,1682,[552]
1683,1683,[214]
1684,1684,[35]
1685,1685,[133]
1686,1686,[516]
1687,1687,[556]
1688,1688,[136]
1689,1689,[662]
1690,1690,[373]
1691,1691,[988]
1692,1692,[1302]
1693,1693,[157]
1694,1694,[63]
1695,1695,[63]
1696,1696,[214]
1697,1697,[955]
1698,1698,[1186]
1699,1699,[654]
1700,1700,[278]
1701,1701,[45]
1702,1702,[133]
1703,1703,[470]
1704,1704,[875]
1705,1705,[315]
1706,1706,[206]
1707,1707,[160]
1708,1708,[128]
1709,1709,[923]
1710,1710,[329]
1711,1711,[208]
1712,1712,[311]
1713,1713,[416]
1714,1714,[82]
1715,1715,[1543]
1716,1716,[416]
1717,1717,[14]
1718,1718,[1126]
1719,1719,[623]
1720,1720,[1149]
1721,1721,[180]
1722,1722,[828]
1723,1723,[97]
1724,1724,[187]
1725,1725,[1695]
1726,1726,[436]
1727,1727,[3]
1728,1728,[82]
1729,1729,[409]
1730,1730,[105]
1731,1731,[654]
1732,1732,[146]
1733,1733,[1051]
1734,1734,[1053]
1735,1735,[144]
1736,1736,[171]
1737,1737,[167]
1738,1738,[108]
1739,1739,[47]
1740,1740,[63]
1741,1741,[1528]
1742,1742,[751]
1743,1743,[4]
1744,1744,[662]
1745,1745,[31]
1746,1746,[327]
1747,1747,[152]
1748,1748,[1829]
1749,1749,[315]
1750,1750,[21]
1751,1751,[12]
1752,1752,[514]
1753,1753,[744]
1754,1754,[274]
1755,1755,[184]
1756,1756,[563]
1757,1757,[14]
1758,1758,[133]
1759,1759,[401]
1760,1760,[777]
1761,1761,[316]
1762,1762,[113]
1763,1763,[1157]
1764,1764,[47]
1765,1765,[134]
1766,1766,[2752]
1767,1767,[1995]
1768,1768,[1310]
1769,1769,[961]
1770,1770,[451]
1771,1771,[171]
1772,1772,[22]
1773,1773,[1091]
1774,1774,[63]
1775,1775,[16]
1776,1776,[1177]
1777,1777,[584]
1778,1778,[604]
1779,1779,[12]
1780,1780,[770]
1781,1781,[180]
1782,1782,[315]
1783,1783,[503]
1784,1784,[82]
1785,1785,[315]
1786,1786,[662]
1787,1787,[203]
1788,1788,[47]
1789,1789,[12]
1790,1790,[1006]
1791,1791,[110]
1792,1792,[1759]
1793,1793,[277]
1794,1794,[253]
1795,1795,[1051]
1796,1796,[152]
1797,1797,[73]
1798,1798,[118]
1799,1799,[247]
1800,1800,[133]
1801,1801,[14]
1802,1802,[573]
1803,1803,[261]
1804,1804,[639]
1805,1805,[305]
1806,1806,[488]
1807,1807,[305]
1808,1808,[184]
1809,1809,[203]
1810,1810,[662]
1811,1811,[63]
1812,1812,[47]
1813,1813,[407]
1814,1814,[133]
1815,1815,[151]
1816,1816,[1079]
1817,1817,[639]
1818,1818,[40]
1819,1819,[12]
1820,1820,[1192]
1821,1821,[76]
1822,1822,[296]
1823,1823,[282]
1824,1824,[2]
1825,1825,[133]
1826,1826,[1196]
1827,1827,[47]
1828,1828,[107]
1829,1829,[40]
1830,1830,[186]
1831,1831,[236]
1832,1832,[256]
1833,1833,[619]
1834,1834,[1405]
1835,1835,[1418]
1836,1836,[58]
1837,1837,[311]
1838,1838,[277]
1839,1839,[409]
1840,1840,[984]
1841,1841,[315]
1842,1842,[1722]
1843,1843,[82]
1844,1844,[749]
1845,1845,[1261]
1846,1846,[48]
1847,1847,[133]
1848,1848,[277]
1849,1849,[300]
1850,1850,[986]
1851,1851,[770]
1852,1852,[521]
1853,1853,[604]
1854,1854,[145]
1855,1855,[407]
1856,1856,[305]
1857,1857,[196]
1858,1858,[758]
1859,1859,[123]
1860,1860,[379]
1861,1861,[47]
1862,1862,[1561]
1863,1863,[509]
1864,1864,[47]
1865,1865,[253]
1866,1866,[4]
1867,1867,[149]
1868,1868,[44]
1869,1869,[113]
1870,1870,[493]
1871,1871,[258]
1872,1872,[145]
1873,1873,[14]
1874,1874,[681]
1875,1875,[171]
1876,1876,[105]
1877,1877,[116]
1878,1878,[778]
1879,1879,[283]
1880,1880,[692]
1881,1881,[12]
1882,1882,[1487]
1883,1883,[1196]
1884,1884,[133]
1885,1885,[407]
1886,1886,[448]
1887,1887,[496]
1888,1888,[45]
1889,1889,[1199]
1890,1890,[407]
1891,1891,[314]
1892,1892,[315]
1893,1893,[264]
1894,1894,[203]
1895,1895,[1290]
1896,1896,[438]
1897,1897,[108]
1898,1898,[13]
1899,1899,[667]
1900,1900,[130]
1901,1901,[196]
1902,1902,[63]
1903,1903,[296]
1904,1904,[274]
1905,1905,[116]
1906,1906,[274]
1907,1907,[1408]
1908,1908,[214]
1909,1909,[619]
1910,1910,[47]
1911,1911,[1001]
1912,1912,[31]
1913,1913,[113]
1914,1914,[770]
1915,1915,[14]
1916,1916,[137]
1917,1917,[108]
1918,1918,[875]
1919,1919,[110]
1920,1920,[634]
1921,1921,[639]
1922,1922,[1524]
1923,1923,[610]
1924,1924,[203]
1925,1925,[25]
1926,1926,[964]
1927,1927,[145]
1928,1928,[662]
1929,1929,[41]
1930,1930,[1666]
1931,1931,[313]
1932,1932,[315]
1933,1933,[380]
1934,1934,[170]
1935,1935,[770]
1936,1936,[110]
1937,1937,[496]
1938,1938,[1471]
1939,1939,[63]
1940,1940,[24]
1941,1941,[386]
1942,1942,[513]
1943,1943,[50]
1944,1944,[115]
1945,1945,[47]
1946,1946,[63]
1947,1947,[585]
1948,1948,[63]
1949,1949,[296]
1950,1950,[1401]
1951,1951,[315]
1952,1952,[47]
1953,1953,[14]
1954,1954,[1367]
1955,1955,[58]
1956,1956,[207]
1957,1957,[32]
1958,1958,[14]
1959,1959,[376]
1960,1960,[120]
1961,1961,[541]
1962,1962,[86]
1963,1963,[223]
1964,1964,[681]
1965,1965,[1177]
1966,1966,[172]
1967,1967,[492]
1968,1968,[63]
1969,1969,[336]
1970,1970,[47]
1971,1971,[11]
1972,1972,[134]
1973,1973,[629]
1974,1974,[47]
1975,1975,[60]
1976,1976,[1182]
1977,1977,[157]
1978,1978,[311]
1979,1979,[718]
1980,1980,[677]
1981,1981,[169]
1982,1982,[1344]
1983,1983,[130]
1984,1984,[147]
1985,1985,[1177]
1986,1986,[115]
1987,1987,[14]
1988,1988,[133]
1989,1989,[1195]
1990,1990,[47]
1991,1991,[315]
1992,1992,[4]
1993,1993,[113]
1994,1994,[253]
1995,1995,[113]
1996,1996,[253]
1997,1997,[26]
1998,1998,[751]
1999,1999,[604]
2000,2000,[1310]
2001,2001,[1243]
2002,2002,[301]
2003,2003,[407]
2004,2004,[184]
2005,2005,[1292]
2006,2006,[400]
2007,2007,[1009]
2008,2008,[47]
2009,2009,[114]
2010,2010,[108]
2011,2011,[775]
2012,2012,[316]
2013,2013,[203]
2014,2014,[421]
2015,2015,[77]
2016,2016,[110]
2017,2017,[22]
2018,2018,[1310]
2019,2019,[1188]
2020,2020,[277]
2021,2021,[114]
2022,2022,[305]
2023,2023,[315]
2024,2024,[58]
2025,2025,[445]
2026,2026,[32]
2027,2027,[133]
2028,2028,[315]
2029,2029,[453]
2030,2030,[1001]
2031,2031,[133]
2032,2032,[660]
2033,2033,[108]
2034,2034,[510]
2035,2035,[47]
2036,2036,[47]
2037,2037,[1074]
2038,2038,[451]
2039,2039,[47]
2040,2040,[639]
2041,2041,[409]
2042,2042,[654]
2043,2043,[108]
2044,2044,[856]
2045,2045,[35]
2046,2046,[17]
2047,2047,[407]
2048,2048,[203]
2049,2049,[47]
2050,2050,[1151]
2051,2051,[662]
2052,2052,[1639]
2053,2053,[364]
2054,2054,[576]
2055,2055,[797]
2056,2056,[1126]
2057,2057,[189]
2058,2058,[58]
2059,2059,[407]
2060,2060,[315]
2061,2061,[313]
2062,2062,[648]
2063,2063,[127]
2064,2064,[114]
2065,2065,[133]
2066,2066,[35]
2067,2067,[376]
2068,2068,[269]
2069,2069,[134]
2070,2070,[12]
2071,2071,[283]
2072,2072,[1061]
2073,2073,[116]
2074,2074,[171]
2075,2075,[604]
2076,2076,[258]
2077,2077,[683]
2078,2078,[631]
2079,2079,[14]
2080,2080,[82]
2081,2081,[134]
2082,2082,[47]
2083,2083,[681]
2084,2084,[2553]
2085,2085,[181]
2086,2086,[133]
2087,2087,[478]
2088,2088,[894]
2089,2089,[63]
2090,2090,[1983]
2091,2091,[1770]
2092,2092,[133]
2093,2093,[1009]
2094,2094,[1310]
2095,2095,[1171]
2096,2096,[63]
2097,2097,[1614]
2098,2098,[386]
2099,2099,[300]
2100,2100,[775]
2101,2101,[17]
2102,2102,[134]
2103,2103,[22]
2104,2104,[905]
2105,2105,[2126]
2106,2106,[47]
2107,2107,[296]
2108,2108,[248]
2109,2109,[449]
2110,2110,[400]
2111,2111,[344]
2112,2112,[409]
2113,2113,[800]
2114,2114,[133]
2115,2115,[289]
2116,2116,[490]
2117,2117,[125]
2118,2118,[1051]
2119,2119,[133]
2120,2120,[1001]
2121,2121,[47]
2122,2122,[401]
2123,2123,[403]
2124,2124,[116]
2125,2125,[522]
2126,2126,[1107]
2127,2127,[133]
2128,2128,[593]
2129,2129,[359]
2130,2130,[195]
2131,2131,[870]
2132,2132,[386]
2133,2133,[186]
2134,2134,[50]
2135,2135,[523]
2136,2136,[407]
2137,2137,[407]
2138,2138,[4]
2139,2139,[314]
2140,2140,[770]
2141,2141,[258]
2142,2142,[1369]
2143,2143,[17]
2144,2144,[296]
2145,2145,[134]
2146,2146,[207]
2147,2147,[253]
2148,2148,[407]
2149,2149,[510]
2150,2150,[35]
2151,2151,[82]
2152,2152,[35]
2153,2153,[146]
2154,2154,[510]
2155,2155,[300]
2156,2156,[214]
2157,2157,[47]
2158,2158,[314]
2159,2159,[223]
2160,2160,[745]
2161,2161,[486]
2162,2162,[617]
2163,2163,[148]
2164,2164,[656]
2165,2165,[871]
2166,2166,[2178]
2167,2167,[370]
2168,2168,[296]
2169,2169,[495]
2170,2170,[14]
2171,2171,[207]
2172,2172,[236]
2173,2173,[594]
2174,2174,[263]
2175,2175,[47]
2176,2176,[403]
2177,2177,[20]
2178,2178,[189]
2179,2179,[63]
2180,2180,[425]
2181,2181,[386]
2182,2182,[1147]
2183,2183,[1367]
2184,2184,[419]
2185,2185,[557]
2186,2186,[133]
2187,2187,[258]
2188,2188,[662]
2189,2189,[73]
2190,2190,[71]
2191,2191,[134]
2192,2192,[160]
2193,2193,[642]
2194,2194,[295]
2195,2195,[662]
2196,2196,[24]
2197,2197,[110]
2198,2198,[717]
2199,2199,[721]
2200,2200,[12]
2201,2201,[532]
2202,2202,[464]
2203,2203,[180]
2204,2204,[2814]
2205,2205,[47]
2206,2206,[133]
2207,2207,[690]
2208,2208,[47]
2209,2209,[370]
2210,2210,[448]
2211,2211,[82]
2212,2212,[898]
2213,2213,[108]
2214,2214,[114]
2215,2215,[47]
2216,2216,[359]
2217,2217,[133]
2218,2218,[1107]
2219,2219,[223]
2220,2220,[116]
2221,2221,[16]
2222,2222,[296]
2223,2223,[116]
2224,2224,[617]
2225,2225,[115]
2226,2226,[116]
2227,2227,[277]
2228,2228,[133]
2229,2229,[93]
2230,2230,[1453]
2231,2231,[12]
2232,2232,[489]
2233,2233,[1646]
2234,2234,[527]
2235,2235,[311]
2236,2236,[279]
2237,2237,[354]
2238,2238,[801]
2239,2239,[58]
2240,2240,[1182]
2241,2241,[1062]
2242,2242,[758]
2243,2243,[65]
2244,2244,[82]
2245,2245,[203]
2246,2246,[442]
2247,2247,[23]
2248,2248,[35]
2249,2249,[407]
2250,2250,[510]
2251,2251,[311]
2252,2252,[514]
2253,2253,[488]
2254,2254,[485]
2255,2255,[115]
2256,2256,[2]
2257,2257,[300]
2258,2258,[14]
2259,2259,[247]
2260,2260,[593]
2261,2261,[316]
2262,2262,[203]
2263,2263,[1047]
2264,2264,[528]
2265,2265,[335]
2266,2266,[20]
2267,2267,[247]
2268,2268,[593]
2269,2269,[496]
2270,2270,[971]
2271,2271,[372]
2272,2272,[12]
2273,2273,[572]
2274,2274,[184]
2275,2275,[336]
2276,2276,[160]
2277,2277,[1367]
2278,2278,[1304]
2279,2279,[278]
2280,2280,[47]
2281,2281,[824]
2282,2282,[180]
2283,2283,[133]
2284,2284,[47]
2285,2285,[184]
2286,2286,[63]
2287,2287,[1195]
2288,2288,[24]
2289,2289,[30]
2290,2290,[514]
2291,2291,[133]
2292,2292,[414]
2293,2293,[26]
2294,2294,[685]
2295,2295,[133]
2296,2296,[63]
2297,2297,[187]
2298,2298,[540]
2299,2299,[376]
2300,2300,[1127]
2301,2301,[133]
2302,2302,[14]
2303,2303,[322]
2304,2304,[681]
2305,2305,[276]
2306,2306,[206]
2307,2307,[133]
2308,2308,[65]
2309,2309,[35]
2310,2310,[770]
2311,2311,[648]
2312,2312,[777]
2313,2313,[284]
2314,2314,[549]
2315,2315,[436]
2316,2316,[1147]
2317,2317,[421]
2318,2318,[20]
2319,2319,[1314]
2320,2320,[549]
2321,2321,[22]
2322,2322,[312]
2323,2323,[17]
2324,2324,[662]
2325,2325,[40]
2326,2326,[522]
2327,2327,[1660]
2328,2328,[80]
2329,2329,[490]
2330,2330,[167]
2331,2331,[274]
2332,2332,[47]
2333,2333,[77]
2334,2334,[155]
2335,2335,[751]
2336,2336,[134]
2337,2337,[63]
2338,2338,[110]
2339,2339,[1401]
2340,2340,[662]
2341,2341,[203]
2342,2342,[24]
2343,2343,[503]
2344,2344,[894]
2345,2345,[134]
2346,2346,[40]
2347,2347,[400]
2348,2348,[55]
2349,2349,[514]
2350,2350,[184]
2351,2351,[548]
2352,2352,[47]
2353,2353,[133]
2354,2354,[24]
2355,2355,[1453]
2356,2356,[386]
2357,2357,[667]
2358,2358,[167]
2359,2359,[656]
2360,2360,[931]
2361,2361,[619]
2362,2362,[82]
2363,2363,[24]
2364,2364,[489]
2365,2365,[277]
2366,2366,[522]
2367,2367,[284]
2368,2368,[120]
2369,2369,[153]
2370,2370,[406]
2371,2371,[60]
2372,2372,[1177]
2373,2373,[157]
2374,2374,[770]
2375,2375,[396]
2376,2376,[751]
2377,2377,[584]
2378,2378,[13]
2379,2379,[311]
2380,2380,[171]
2381,2381,[662]
2382,2382,[436]
2383,2383,[778]
2384,2384,[58]
2385,2385,[515]
2386,2386,[678]
2387,2387,[787]
2388,2388,[151]
2389,2389,[110]
2390,2390,[58]
2391,2391,[181]
2392,2392,[758]
2393,2393,[117]
2394,2394,[389]
2395,2395,[278]
2396,2396,[347]
2397,2397,[86]
2398,2398,[47]
2399,2399,[770]
2400,2400,[115]
2401,2401,[98]
2402,2402,[114]
2403,2403,[4]
2404,2404,[376]
2405,2405,[1279]
2406,2406,[152]
2407,2407,[270]
2408,2408,[289]
2409,2409,[86]
2410,2410,[125]
2411,2411,[1695]
2412,2412,[115]
2413,2413,[128]
2414,2414,[311]
2415,2415,[58]
2416,2416,[24]
2417,2417,[468]
2418,2418,[157]
2419,2419,[787]
2420,2420,[522]
2421,2421,[32]
2422,2422,[401]
2423,2423,[296]
2424,2424,[305]
2425,2425,[47]
2426,2426,[34]
2427,2427,[656]
2428,2428,[157]
2429,2429,[628]
2430,2430,[29]
2431,2431,[63]
2432,2432,[47]
2433,2433,[116]
2434,2434,[145]
2435,2435,[958]
2436,2436,[63]
2437,2437,[63]
2438,2438,[988]
2439,2439,[593]
2440,2440,[1011]
2441,2441,[300]
2442,2442,[401]
2443,2443,[305]
2444,2444,[556]
2445,2445,[400]
2446,2446,[648]
2447,2447,[296]
2448,2448,[133]
2449,2449,[344]
2450,2450,[373]
2451,2451,[258]
2452,2452,[115]
2453,2453,[130]
2454,2454,[1370]
2455,2455,[868]
2456,2456,[171]
2457,2457,[945]
2458,2458,[1136]
2459,2459,[1483]
2460,2460,[47]
2461,2461,[458]
2462,2462,[488]
2463,2463,[73]
2464,2464,[336]
2465,2465,[155]
2466,2466,[619]
2467,2467,[514]
2468,2468,[63]
2469,2469,[145]
2470,2470,[133]
2471,2471,[473]
2472,2472,[58]
2473,2473,[312]
2474,2474,[548]
2475,2475,[1263]
2476,2476,[274]
2477,2477,[274]
2478,2478,[248]
2479,2479,[195]
2480,2480,[125]
2481,2481,[22]
2482,2482,[494]
2483,2483,[457]
2484,2484,[45]
2485,2485,[47]
2486,2486,[758]
2487,2487,[1205]
2488,2488,[401]
2489,2489,[116]
2490,2490,[662]
2491,2491,[681]
2492,2492,[396]
2493,2493,[110]
2494,2494,[401]
2495,2495,[490]
2496,2496,[125]
2497,2497,[1614]
2498,2498,[184]
2499,2499,[2044]
2500,2500,[178]
2501,2501,[35]
2502,2502,[488]
2503,2503,[909]
2504,2504,[63]
2505,2505,[108]
2506,2506,[1263]
2507,2507,[184]
2508,2508,[116]
2509,2509,[12]
2510,2510,[751]
2511,2511,[13]
2512,2512,[113]
2513,2513,[1196]
2514,2514,[503]
2515,2515,[1313]
2516,2516,[47]
2517,2517,[86]
2518,2518,[45]
2519,2519,[47]
2520,2520,[134]
2521,2521,[514]
2522,2522,[171]
2523,2523,[113]
2524,2524,[425]
2525,2525,[760]
2526,2526,[40]
2527,2527,[1151]
2528,2528,[171]
2529,2529,[593]
2530,2530,[65]
2531,2531,[86]
2532,2532,[999]
2533,2533,[419]
2534,2534,[47]
2535,2535,[692]
2536,2536,[35]
2537,2537,[134]
2538,2538,[40]
2539,2539,[598]
2540,2540,[1129]
2541,2541,[463]
2542,2542,[14]
2543,2543,[1290]
2544,2544,[58]
2545,2545,[1712]
2546,2546,[14]
2547,2547,[662]
2548,2548,[145]
2549,2549,[1301]
2550,2550,[662]
2551,2551,[32]
2552,2552,[272]
2553,2553,[347]
2554,2554,[758]
2555,2555,[205]
2556,2556,[14]
2557,2557,[503]
2558,2558,[704]
2559,2559,[22]
2560,2560,[247]
2561,2561,[1369]
2562,2562,[50]
2563,2563,[120]
2564,2564,[25]
2565,2565,[304]
2566,2566,[416]
2567,2567,[29]
2568,2568,[133]
2569,2569,[110]
2570,2570,[12]
2571,2571,[12]
2572,2572,[522]
2573,2573,[113]
2574,2574,[321]
2575,2575,[759]
2576,2576,[662]
2577,2577,[1589]
2578,2578,[13]
2579,2579,[681]
2580,2580,[588]
2581,2581,[158]
2582,2582,[448]
2583,2583,[45]
2584,2584,[489]
2585,2585,[1717]
2586,2586,[277]
2587,2587,[980]
2588,2588,[897]
2589,2589,[1394]
2590,2590,[63]
2591,2591,[283]
2592,2592,[77]
2593,2593,[668]
2594,2594,[110]
2595,2595,[401]
2596,2596,[1055]
2597,2597,[63]
2598,2598,[416]
2599,2599,[58]
2600,2600,[133]
2601,2601,[489]
2602,2602,[214]
2603,2603,[520]
2604,2604,[12]
2605,2605,[4]
2606,2606,[223]
2607,2607,[1263]
2608,2608,[1041]
2609,2609,[133]
2610,2610,[35]
2611,2611,[133]
2612,2612,[113]
2613,2613,[63]
2614,2614,[47]
2615,2615,[720]
2616,2616,[688]
2617,2617,[359]
2618,2618,[1178]
2619,2619,[63]
2620,2620,[1149]
2621,2621,[1287]
2622,2622,[999]
2623,2623,[12]
2624,2624,[70]
2625,2625,[311]
2626,2626,[208]
2627,2627,[745]
2628,2628,[283]
2629,2629,[180]
2630,2630,[681]
2631,2631,[1136]
2632,2632,[177]
2633,2633,[264]
2634,2634,[1141]
2635,2635,[47]
2636,2636,[189]
2637,2637,[511]
2638,2638,[47]
2639,2639,[184]
2640,2640,[394]
2641,2641,[58]
2642,2642,[310]
2643,2643,[133]
2644,2644,[76]
2645,2645,[120]
2646,2646,[47]
2647,2647,[681]
2648,2648,[476]
2649,2649,[63]
2650,2650,[652]
2651,2651,[4]
2652,2652,[662]
2653,2653,[108]
2654,2654,[662]
2655,2655,[564]
2656,2656,[47]
2657,2657,[296]
2658,2658,[417]
2659,2659,[77]
2660,2660,[692]
2661,2661,[770]
2662,2662,[47]
2663,2663,[35]
2664,2664,[421]
2665,2665,[108]
2666,2666,[77]
2667,2667,[618]
2668,2668,[42]
2669,2669,[448]
2670,2670,[133]
2671,2671,[147]
2672,2672,[671]
2673,2673,[315]
2674,2674,[572]
2675,2675,[20]
2676,2676,[325]
2677,2677,[870]
2678,2678,[1196]
2679,2679,[203]
2680,2680,[401]
2681,2681,[1589]
2682,2682,[942]
2683,2683,[930]
2684,2684,[1007]
2685,2685,[158]
2686,2686,[207]
2687,2687,[17]
2688,2688,[128]
2689,2689,[1195]
2690,2690,[134]
2691,2691,[50]
2692,2692,[65]
2693,2693,[1522]
2694,2694,[656]
2695,2695,[1589]
2696,2696,[662]
2697,2697,[89]
2698,2698,[26]
2699,2699,[700]
2700,2700,[942]
2701,2701,[875]
2702,2702,[14]
2703,2703,[1051]
2704,2704,[63]
2705,2705,[40]
2706,2706,[681]
2707,2707,[662]
2708,2708,[133]
2709,2709,[105]
2710,2710,[648]
2711,2711,[145]
2712,2712,[654]
2713,2713,[133]
2714,2714,[12]
2715,2715,[1272]
2716,2716,[685]
2717,2717,[1047]
2718,2718,[12]
2719,2719,[133]
2720,2720,[110]
2721,2721,[12]
2722,2722,[35]
2723,2723,[1566]
2724,2724,[359]
2725,2725,[44]
2726,2726,[514]
2727,2727,[116]
2728,2728,[787]
2729,2729,[116]
2730,2730,[971]
2731,2731,[40]
2732,2732,[1051]
2733,2733,[331]
2734,2734,[380]
2735,2735,[15]
2736,2736,[693]
2737,2737,[62]
2738,2738,[1367]
2739,2739,[134]
2740,2740,[258]
2741,2741,[4]
2742,2742,[866]
2743,2743,[299]
2744,2744,[401]
2745,2745,[1047]
2746,2746,[610]
2747,2747,[58]
2748,2748,[82]
2749,2749,[1053]
2750,2750,[401]
2751,2751,[344]
2752,2752,[1186]
2753,2753,[288]
2754,2754,[47]
2755,2755,[300]
2756,2756,[61]
2757,2757,[4]
2758,2758,[12]
2759,2759,[14]
2760,2760,[310]
2761,2761,[115]
2762,2762,[12]
2763,2763,[273]
2764,2764,[134]
2765,2765,[125]
2766,2766,[207]
2767,2767,[4]
2768,2768,[128]
2769,2769,[133]
2770,2770,[117]
2771,2771,[522]
2772,2772,[274]
2773,2773,[289]
2774,2774,[158]
2775,2775,[1418]
2776,2776,[227]
2777,2777,[618]
2778,2778,[758]
2779,2779,[1367]
2780,2780,[248]
2781,2781,[458]
2782,2782,[114]
2783,2783,[623]
2784,2784,[1147]
2785,2785,[971]
2786,2786,[47]
2787,2787,[400]
2788,2788,[40]
2789,2789,[71]
2790,2790,[14]
2791,2791,[17]
2792,2792,[692]
2793,2793,[1929]
2794,2794,[177]
2795,2795,[458]
2796,2796,[133]
2797,2797,[61]
2798,2798,[296]
2799,2799,[110]
2800,2800,[169]
2801,2801,[47]
2802,2802,[1367]
2803,2803,[822]
2804,2804,[788]
2805,2805,[296]
2806,2806,[1241]
2807,2807,[508]
2808,2808,[146]
2809,2809,[33]
2810,2810,[314]
2811,2811,[296]
2812,2812,[955]
2813,2813,[160]
2814,2814,[698]
2815,2815,[116]
2816,2816,[110]
2817,2817,[797]
2818,2818,[654]
2819,2819,[1603]
2820,2820,[47]
2821,2821,[2103]
2822,2822,[214]
2823,2823,[253]
2824,2824,[1053]
2825,2825,[47]
2826,2826,[470]
2827,2827,[146]
2828,2828,[785]
2829,2829,[151]
2830,2830,[14]
2831,2831,[2303]
2832,2832,[667]
2833,2833,[65]
2834,2834,[315]
2835,2835,[662]
2836,2836,[110]
2837,2837,[47]
2838,2838,[184]
2839,2839,[316]
2840,2840,[203]
2841,2841,[557]
2842,2842,[47]
2843,2843,[114]
2844,2844,[4]
2845,2845,[661]
2846,2846,[305]
2847,2847,[63]
2848,2848,[1186]
2849,2849,[137]
2850,2850,[1367]
2851,2851,[407]
2852,2852,[394]
2853,2853,[139]
2854,2854,[82]
2855,2855,[115]
2856,2856,[272]
2857,2857,[669]
2858,2858,[47]
2859,2859,[745]
2860,2860,[389]
2861,2861,[1188]
2862,2862,[47]
2863,2863,[184]
2864,2864,[130]
2865,2865,[1074]
2866,2866,[311]
2867,2867,[47]
2868,2868,[421]
2869,2869,[47]
2870,2870,[248]
2871,2871,[365]
2872,2872,[23]
2873,2873,[1186]
2874,2874,[63]
2875,2875,[116]
2876,2876,[187]
2877,2877,[23]
2878,2878,[47]
2879,2879,[629]
2880,2880,[133]
2881,2881,[514]
2882,2882,[593]
2883,2883,[108]
2884,2884,[111]
2885,2885,[942]
2886,2886,[662]
2887,2887,[573]
2888,2888,[13]
2889,2889,[1059]
2890,2890,[178]
2891,2891,[1517]
2892,2892,[71]
2893,2893,[377]
2894,2894,[473]
2895,2895,[29]
2896,2896,[207]
2897,2897,[114]
2898,2898,[765]
2899,2899,[47]
2900,2900,[125]
2901,2901,[47]
2902,2902,[114]
2903,2903,[47]
2904,2904,[139]
2905,2905,[639]
2906,2906,[32]
2907,2907,[510]
2908,2908,[147]
2909,2909,[248]
2910,2910,[14]
2911,2911,[300]
2912,2912,[1724]
2913,2913,[35]
2914,2914,[25]
2915,2915,[247]
2916,2916,[1006]
2917,2917,[272]
2918,2918,[130]
2919,2919,[133]
2920,2920,[407]
2921,2921,[630]
2922,2922,[4]
2923,2923,[29]
2924,2924,[311]
2925,2925,[573]
2926,2926,[86]
2927,2927,[1019]
2928,2928,[14]
2929,2929,[14]
2930,2930,[82]
2931,2931,[114]
2932,2932,[47]
2933,2933,[563]
2934,2934,[777]
2935,2935,[375]
2936,2936,[214]
2937,2937,[522]
2938,2938,[203]
2939,2939,[115]
2940,2940,[416]
2941,2941,[274]
2942,2942,[447]
2943,2943,[32]
2944,2944,[396]
2945,2945,[661]
2946,2946,[47]
2947,2947,[390]
2948,2948,[181]
2949,2949,[117]
2950,2950,[4]
2951,2951,[47]
2952,2952,[177]
2953,2953,[654]
2954,2954,[347]
2955,2955,[503]
2956,2956,[63]
2957,2957,[667]
2958,2958,[488]
2959,2959,[14]
2960,2960,[428]
2961,2961,[416]
2962,2962,[47]
2963,2963,[152]
2964,2964,[47]
2965,2965,[128]
2966,2966,[455]
2967,2967,[866]
2968,2968,[373]
2969,2969,[22]
2970,2970,[233]
2971,2971,[328]
2972,2972,[1310]
2973,2973,[35]
2974,2974,[274]
2975,2975,[762]
2976,2976,[394]
2977,2977,[14]
2978,2978,[223]
2979,2979,[376]
2980,2980,[315]
2981,2981,[203]
2982,2982,[1470]
2983,2983,[451]
2984,2984,[134]
2985,2985,[235]
2986,2986,[195]
2987,2987,[184]
2988,2988,[25]
2989,2989,[849]
2990,2990,[14]
2991,2991,[315]
2992,2992,[47]
2993,2993,[323]
2994,2994,[514]
2995,2995,[171]
2996,2996,[376]
2997,2997,[4]
2998,2998,[296]
2999,2999,[133]
3000,3000,[1011]
3001,3001,[146]
3002,3002,[133]
3003,3003,[2315]
3004,3004,[114]
3005,3005,[114]
3006,3006,[564]
3007,3007,[503]
3008,3008,[564]
3009,3009,[503]
3010,3010,[63]
3011,3011,[758]
3012,3012,[65]
3013,3013,[35]
3014,3014,[47]
3015,3015,[243]
3016,3016,[1405]
3017,3017,[283]
3018,3018,[473]
3019,3019,[1182]
3020,3020,[203]
3021,3021,[40]
3022,3022,[662]
3023,3023,[195]
3024,3024,[449]
3025,3025,[468]
3026,3026,[14]
3027,3027,[4]
3028,3028,[1639]
3029,3029,[214]
3030,3030,[702]
3031,3031,[470]
3032,3032,[300]
3033,3033,[335]
3034,3034,[47]
3035,3035,[22]
3036,3036,[354]
3037,3037,[65]
3038,3038,[1001]
3039,3039,[133]
3040,3040,[82]
3041,3041,[86]
3042,3042,[1584]
3043,3043,[289]
3044,3044,[1196]
3045,3045,[187]
3046,3046,[340]
3047,3047,[35]
3048,3048,[279]
3049,3049,[777]
3050,3050,[114]
3051,3051,[777]
3052,3052,[47]
3053,3053,[1610]
3054,3054,[110]
3055,3055,[814]
3056,3056,[189]
3057,3057,[50]
3058,3058,[13]
3059,3059,[270]
3060,3060,[110]
3061,3061,[157]
3062,3062,[604]
3063,3063,[116]
3064,3064,[999]
3065,3065,[604]
3066,3066,[155]
3067,3067,[14]
3068,3068,[952]
3069,3069,[274]
3070,3070,[171]
3071,3071,[1263]
3072,3072,[611]
3073,3073,[110]
3074,3074,[1196]
3075,3075,[277]
3076,3076,[3]
3077,3077,[400]
3078,3078,[241]
3079,3079,[206]
3080,3080,[510]
3081,3081,[73]
3082,3082,[509]
3083,3083,[1593]
3084,3084,[40]
3085,3085,[47]
3086,3086,[4]
3087,3087,[335]
3088,3088,[110]
3089,3089,[1195]
3090,3090,[258]
3091,3091,[40]
3092,3092,[279]
3093,3093,[662]
3094,3094,[82]
3095,3095,[24]
3096,3096,[108]
3097,3097,[111]
3098,3098,[1047]
3099,3099,[29]
3100,3100,[160]
3101,3101,[662]
3102,3102,[315]
3103,3103,[47]
3104,3104,[4]
3105,3105,[82]
3106,3106,[4]
3107,3107,[86]
3108,3108,[189]
3109,3109,[1178]
3110,3110,[1107]
3111,3111,[24]
3112,3112,[253]
3113,3113,[648]
3114,3114,[407]
3115,3115,[63]
3116,3116,[146]
3117,3117,[416]
3118,3118,[864]
3119,3119,[662]
3120,3120,[1024]
3121,3121,[315]
3122,3122,[777]
3123,3123,[148]
3124,3124,[120]
3125,3125,[885]
3126,3126,[278]
3127,3127,[501]
3128,3128,[1950]
3129,3129,[47]
3130,3130,[1051]
3131,3131,[654]
3132,3132,[82]
3133,3133,[155]
3134,3134,[1195]
3135,3135,[133]
3136,3136,[29]
3137,3137,[848]
3138,3138,[16]
3139,3139,[563]
3140,3140,[581]
3141,3141,[14]
3142,3142,[1263]
3143,3143,[691]
3144,3144,[40]
3145,3145,[125]
3146,3146,[143]
3147,3147,[1418]
3148,3148,[311]
3149,3149,[47]
3150,3150,[458]
3151,3151,[195]
3152,3152,[604]
3153,3153,[214]
3154,3154,[120]
3155,3155,[631]
3156,3156,[27]
3157,3157,[187]
3158,3158,[1044]
3159,3159,[71]
3160,3160,[12]
3161,3161,[631]
3162,3162,[969]
3163,3163,[662]
3164,3164,[557]
3165,3165,[47]
3166,3166,[4]
3167,3167,[29]
3168,3168,[1024]
3169,3169,[40]
3170,3170,[955]
3171,3171,[116]
3172,3172,[777]
3173,3173,[669]
3174,3174,[1717]
3175,3175,[82]
3176,3176,[47]
3177,3177,[12]
3178,3178,[593]
3179,3179,[1107]
3180,3180,[14]
3181,3181,[1053]
3182,3182,[277]
3183,3183,[27]
3184,3184,[258]
3185,3185,[80]
3186,3186,[12]
3187,3187,[455]
3188,3188,[436]
3189,3189,[157]
3190,3190,[323]
3191,3191,[12]
3192,3192,[2497]
3193,3193,[15]
3194,3194,[214]
3195,3195,[1130]
3196,3196,[61]
3197,3197,[639]
3198,3198,[110]
3199,3199,[272]
3200,3200,[698]
3201,3201,[60]
3202,3202,[373]
3203,3203,[24]
3204,3204,[1102]
3205,3205,[394]
3206,3206,[367]
3207,3207,[63]
3208,3208,[812]
3209,3209,[47]
3210,3210,[1051]
3211,3211,[63]
3212,3212,[110]
3213,3213,[47]
3214,3214,[412]
3215,3215,[681]
3216,3216,[1127]
3217,3217,[1147]
3218,3218,[619]
3219,3219,[1178]
3220,3220,[522]
3221,3221,[1066]
3222,3222,[1310]
3223,3223,[1053]
3224,3224,[427]
3225,3225,[113]
3226,3226,[47]
3227,3227,[1470]
3228,3228,[206]
3229,3229,[17]
3230,3230,[21]
3231,3231,[113]
3232,3232,[203]
3233,3233,[1794]
3234,3234,[108]
3235,3235,[171]
3236,3236,[14]
3237,3237,[35]
3238,3238,[401]
3239,3239,[549]
3240,3240,[111]
3241,3241,[556]
3242,3242,[871]
3243,3243,[449]
3244,3244,[311]
3245,3245,[45]
3246,3246,[40]
3247,3247,[13]
3248,3248,[73]
3249,3249,[110]
3250,3250,[656]
3251,3251,[171]
3252,3252,[219]
3253,3253,[296]
3254,3254,[1280]
3255,3255,[47]
3256,3256,[47]
3257,3257,[35]
3258,3258,[366]
3259,3259,[17]
3260,3260,[86]
3261,3261,[473]
3262,3262,[120]
3263,3263,[2163]
3264,3264,[1674]
3265,3265,[14]
3266,3266,[186]
3267,3267,[4]
3268,3268,[380]
3269,3269,[73]
3270,3270,[44]
3271,3271,[86]
3272,3272,[14]
3273,3273,[508]
3274,3274,[425]
3275,3275,[22]
3276,3276,[214]
3277,3277,[1186]
3278,3278,[311]
3279,3279,[194]
3280,3280,[38]
3281,3281,[274]
3282,3282,[1370]
3283,3283,[47]
3284,3284,[699]
3285,3285,[24]
3286,3286,[274]
3287,3287,[310]
3288,3288,[274]
3289,3289,[60]
3290,3290,[22]
3291,3291,[274]
3292,3292,[111]
3293,3293,[1759]
3294,3294,[189]
3295,3295,[662]
3296,3296,[2]
3297,3297,[172]
3298,3298,[47]
3299,3299,[495]
3300,3300,[398]
3301,3301,[29]
3302,3302,[108]
3303,3303,[894]
3304,3304,[235]
3305,3305,[129]
3306,3306,[691]
3307,3307,[1091]
3308,3308,[288]
3309,3309,[50]
3310,3310,[492]
3311,3311,[130]
3312,3312,[868]
3313,3313,[147]
3314,3314,[1011]
3315,3315,[449]
3316,3316,[12]
3317,3317,[177]
3318,3318,[647]
3319,3319,[1566]
3320,3320,[400]
3321,3321,[488]
3322,3322,[489]
3323,3323,[751]
3324,3324,[1310]
3325,3325,[21]
3326,3326,[243]
3327,3327,[594]
3328,3328,[1353]
3329,3329,[662]
3330,3330,[130]
3331,3331,[380]
3332,3332,[604]
3333,3333,[2]
3334,3334,[32]
3335,3335,[631]
3336,3336,[194]
3337,3337,[72]
3338,3338,[214]
3339,3339,[327]
3340,3340,[320]
3341,3341,[184]
3342,3342,[394]
3343,3343,[14]
3344,3344,[1676]
3345,3345,[39]
3346,3346,[47]
3347,3347,[277]
3348,3348,[685]
3349,3349,[394]
3350,3350,[662]
3351,3351,[510]
3352,3352,[1773]
3353,3353,[133]
3354,3354,[63]
3355,3355,[180]
3356,3356,[214]
3357,3357,[1505]
3358,3358,[681]
3359,3359,[110]
3360,3360,[63]
3361,3361,[1053]
3362,3362,[370]
3363,3363,[704]
3364,3364,[133]
3365,3365,[40]
3366,3366,[80]
3367,3367,[63]
3368,3368,[47]
3369,3369,[243]
3370,3370,[14]
3371,3371,[691]
3372,3372,[325]
3373,3373,[125]
3374,3374,[488]
3375,3375,[593]
3376,3376,[1024]
3377,3377,[458]
3378,3378,[1310]
3379,3379,[441]
3380,3380,[82]
3381,3381,[521]
3382,3382,[189]
3383,3383,[155]
3384,3384,[557]
3385,3385,[101]
3386,3386,[115]
3387,3387,[171]
3388,3388,[1642]
3389,3389,[89]
3390,3390,[699]
3391,3391,[412]
3392,3392,[400]
3393,3393,[366]
3394,3394,[184]
3395,3395,[63]
3396,3396,[1195]
3397,3397,[296]
3398,3398,[335]
3399,3399,[63]
3400,3400,[4]
3401,3401,[455]
3402,3402,[328]
3403,3403,[478]
3404,3404,[14]
3405,3405,[35]
3406,3406,[113]
3407,3407,[149]
3408,3408,[1610]
3409,3409,[470]
3410,3410,[207]
3411,3411,[134]
3412,3412,[15]
3413,3413,[824]
3414,3414,[20]
3415,3415,[585]
3416,3416,[128]
3417,3417,[2551]
3418,3418,[61]
3419,3419,[1047]
3420,3420,[685]
3421,3421,[549]
3422,3422,[501]
3423,3423,[277]
3424,3424,[14]
3425,3425,[1011]
3426,3426,[258]
3427,3427,[22]
3428,3428,[84]
3429,3429,[522]
3430,3430,[65]
3431,3431,[958]
3432,3432,[157]
3433,3433,[576]
3434,3434,[788]
3435,3435,[1212]
3436,3436,[253]
3437,3437,[114]
3438,3438,[488]
3439,3439,[17]
3440,3440,[145]
3441,3441,[2351]
3442,3442,[4]
3443,3443,[681]
3444,3444,[10]
3445,3445,[770]
3446,3446,[114]
3447,3447,[137]
3448,3448,[203]
3449,3449,[316]
3450,3450,[247]
3451,3451,[463]
3452,3452,[1212]
3453,3453,[45]
3454,3454,[113]
3455,3455,[12]
3456,3456,[203]
3457,3457,[157]
3458,3458,[639]
3459,3459,[314]
3460,3460,[40]
3461,3461,[157]
3462,3462,[47]
3463,3463,[50]
3464,3464,[847]
3465,3465,[400]
3466,3466,[894]
3467,3467,[1178]
3468,3468,[63]
3469,3469,[133]
3470,3470,[208]
3471,3471,[758]
3472,3472,[283]
3473,3473,[13]
3474,3474,[48]
3475,3475,[312]
3476,3476,[1505]
3477,3477,[466]
3478,3478,[114]
3479,3479,[427]
3480,3480,[2176]
3481,3481,[63]
3482,3482,[86]
3483,3483,[713]
3484,3484,[13]
3485,3485,[639]
3486,3486,[206]
3487,3487,[478]
3488,3488,[186]
3489,3489,[375]
3490,3490,[897]
3491,3491,[455]
3492,3492,[638]
3493,3493,[171]
3494,3494,[47]
3495,3495,[300]
3496,3496,[47]
3497,3497,[595]
3498,3498,[272]
3499,3499,[4]
3500,3500,[14]
3501,3501,[113]
3502,3502,[63]
3503,3503,[468]
3504,3504,[618]
3505,3505,[40]
3506,3506,[208]
3507,3507,[134]
3508,3508,[1149]
3509,3509,[522]
3510,3510,[134]
3511,3511,[797]
3512,3512,[296]
3513,3513,[336]
3514,3514,[760]
3515,3515,[1369]
3516,3516,[35]
3517,3517,[344]
3518,3518,[344]
3519,3519,[315]
3520,3520,[40]
3521,3521,[1153]
3522,3522,[12]
3523,3523,[1126]
3524,3524,[47]
3525,3525,[557]
3526,3526,[488]
3527,3527,[1524]
3528,3528,[40]
3529,3529,[128]
3530,3530,[376]
3531,3531,[468]
3532,3532,[114]
3533,3533,[451]
3534,3534,[40]
3535,3535,[554]
3536,3536,[619]
3537,3537,[218]
3538,3538,[208]
3539,3539,[169]
3540,3540,[14]
3541,3541,[311]
3542,3542,[46]
3543,3543,[248]
3544,3544,[148]
3545,3545,[629]
3546,3546,[510]
3547,3547,[311]
3548,3548,[296]
3549,3549,[962]
3550,3550,[278]
3551,3551,[1421]
3552,3552,[942]
3553,3553,[35]
3554,3554,[840]
3555,3555,[274]
3556,3556,[1153]
3557,3557,[686]
3558,3558,[248]
3559,3559,[335]
3560,3560,[681]
3561,3561,[44]
3562,3562,[16]
3563,3563,[909]
3564,3564,[595]
3565,3565,[13]
3566,3566,[400]
3567,3567,[272]
3568,3568,[551]
3569,3569,[455]
3570,3570,[58]
3571,3571,[1975]
3572,3572,[639]
3573,3573,[1279]
3574,3574,[548]
3575,3575,[497]
3576,3576,[1505]
3577,3577,[510]
3578,3578,[1024]
3579,3579,[2829]
3580,3580,[134]
3581,3581,[782]
3582,3582,[77]
3583,3583,[1059]
3584,3584,[279]
3585,3585,[1301]
3586,3586,[86]
3587,3587,[430]
3588,3588,[1471]
3589,3589,[1047]
3590,3590,[458]
3591,3591,[1331]
3592,3592,[247]
3593,3593,[848]
3594,3594,[12]
3595,3595,[89]
3596,3596,[299]
3597,3597,[47]
3598,3598,[396]
3599,3599,[905]
3600,3600,[77]
3601,3601,[35]
3602,3602,[699]
3603,3603,[521]
3604,3604,[148]
3605,3605,[214]
3606,3606,[777]
3607,3607,[1053]
3608,3608,[117]
3609,3609,[311]
3610,3610,[108]
3611,3611,[14]
3612,3612,[14]
3613,3613,[522]
3614,3614,[849]
3615,3615,[114]
3616,3616,[930]
3617,3617,[98]
3618,3618,[148]
3619,3619,[942]
3620,3620,[353]
3621,3621,[448]
3622,3622,[1182]
3623,3623,[12]
3624,3624,[557]
3625,3625,[916]
3626,3626,[575]
3627,3627,[662]
3628,3628,[310]
3629,3629,[17]
3630,3630,[40]
3631,3631,[662]
3632,3632,[111]
3633,3633,[380]
3634,3634,[466]
3635,3635,[207]
3636,3636,[654]
3637,3637,[86]
3638,3638,[604]
3639,3639,[111]
3640,3640,[2163]
3641,3641,[14]
3642,3642,[137]
3643,3643,[108]
3644,3644,[1211]
3645,3645,[777]
3646,3646,[1178]
3647,3647,[316]
3648,3648,[35]
3649,3649,[115]
3650,3650,[127]
3651,3651,[269]
3652,3652,[4]
3653,3653,[145]
3654,3654,[782]
3655,3655,[111]
3656,3656,[277]
3657,3657,[152]
3658,3658,[296]
3659,3659,[272]
3660,3660,[425]
3661,3661,[895]
3662,3662,[863]
3663,3663,[931]
3664,3664,[296]
3665,3665,[40]
3666,3666,[296]
3667,3667,[203]
3668,3668,[488]
3669,3669,[791]
3670,3670,[134]
3671,3671,[4]
3672,3672,[593]
3673,3673,[86]
3674,3674,[681]
3675,3675,[874]
3676,3676,[885]
3677,3677,[770]
3678,3678,[38]
3679,3679,[1205]
3680,3680,[897]
3681,3681,[681]
3682,3682,[398]
3683,3683,[662]
3684,3684,[1040]
3685,3685,[148]
3686,3686,[160]
3687,3687,[400]
3688,3688,[952]
3689,3689,[653]
3690,3690,[662]
3691,3691,[125]
3692,3692,[14]
3693,3693,[4]
3694,3694,[128]
3695,3695,[206]
3696,3696,[127]
3697,3697,[171]
3698,3698,[274]
3699,3699,[340]
3700,3700,[514]
3701,3701,[4]
3702,3702,[1372]
3703,3703,[47]
3704,3704,[1059]
3705,3705,[32]
3706,3706,[1759]
3707,3707,[595]
3708,3708,[1047]
3709,3709,[157]
3710,3710,[1068]
3711,3711,[86]
3712,3712,[580]
3713,3713,[189]
3714,3714,[515]
3715,3715,[1107]
3716,3716,[458]
3717,3717,[89]
3718,3718,[29]
3719,3719,[452]
3720,3720,[930]
3721,3721,[770]
3722,3722,[47]
3723,3723,[125]
3724,3724,[58]
3725,3725,[803]
3726,3726,[127]
3727,3727,[194]
3728,3728,[448]
3729,3729,[134]
3730,3730,[821]
3731,3731,[448]
3732,3732,[47]
3733,3733,[557]
3734,3734,[111]
3735,3735,[875]
3736,3736,[115]
3737,3737,[427]
3738,3738,[45]
3739,3739,[45]
3740,3740,[50]
3741,3741,[126]
3742,3742,[2]
3743,3743,[483]
3744,3744,[157]
3745,3745,[4]
3746,3746,[758]
3747,3747,[639]
3748,3748,[269]
3749,3749,[519]
3750,3750,[1301]
3751,3751,[448]
3752,3752,[206]
3753,3753,[20]
3754,3754,[1196]
3755,3755,[120]
3756,3756,[120]
3757,3757,[396]
3758,3758,[702]
3759,3759,[13]
3760,3760,[63]
3761,3761,[2084]
3762,3762,[815]
3763,3763,[400]
3764,3764,[60]
3765,3765,[401]
3766,3766,[1405]
3767,3767,[12]
3768,3768,[370]
3769,3769,[14]
3770,3770,[424]
3771,3771,[35]
3772,3772,[703]
3773,3773,[214]
3774,3774,[113]
3775,3775,[1047]
3776,3776,[551]
3777,3777,[436]
3778,3778,[278]
3779,3779,[282]
3780,3780,[86]
3781,3781,[647]
3782,3782,[1188]
3783,3783,[113]
3784,3784,[133]
3785,3785,[344]
3786,3786,[24]
3787,3787,[281]
3788,3788,[203]
3789,3789,[1177]
3790,3790,[354]
3791,3791,[133]
3792,3792,[1107]
3793,3793,[178]
3794,3794,[47]
3795,3795,[427]
3796,3796,[86]
3797,3797,[47]
3798,3798,[4]
3799,3799,[814]
3800,3800,[906]
3801,3801,[380]
3802,3802,[111]
3803,3803,[163]
3804,3804,[115]
3805,3805,[2062]
3806,3806,[899]
3807,3807,[287]
3808,3808,[751]
3809,3809,[177]
3810,3810,[955]
3811,3811,[4]
3812,3812,[11]
3813,3813,[111]
3814,3814,[253]
3815,3815,[288]
3816,3816,[110]
3817,3817,[29]
3818,3818,[114]
3819,3819,[870]
3820,3820,[14]
3821,3821,[400]
3822,3822,[637]
3823,3823,[171]
3824,3824,[400]
3825,3825,[47]
3826,3826,[503]
3827,3827,[133]
3828,3828,[2066]
3829,3829,[15]
3830,3830,[134]
3831,3831,[14]
3832,3832,[573]
3833,3833,[549]
3834,3834,[235]
3835,3835,[634]
3836,3836,[656]
3837,3837,[189]
3838,3838,[581]
3839,3839,[47]
3840,3840,[1218]
3841,3841,[510]
3842,3842,[401]
3843,3843,[1534]
3844,3844,[14]
3845,3845,[1328]
3846,3846,[17]
3847,3847,[2627]
3848,3848,[1028]
3849,3849,[1126]
3850,3850,[667]
3851,3851,[274]
3852,3852,[639]
3853,3853,[683]
3854,3854,[540]
3855,3855,[771]
3856,3856,[32]
3857,3857,[86]
3858,3858,[478]
3859,3859,[63]
3860,3860,[14]
3861,3861,[108]
3862,3862,[522]
3863,3863,[274]
3864,3864,[1593]
3865,3865,[662]
3866,3866,[514]
3867,3867,[564]
3868,3868,[157]
3869,3869,[47]
3870,3870,[157]
3871,3871,[330]
3872,3872,[1549]
3873,3873,[1443]
3874,3874,[181]
3875,3875,[737]
3876,3876,[274]
3877,3877,[288]
3878,3878,[488]
3879,3879,[76]
3880,3880,[1367]
3881,3881,[340]
3882,3882,[47]
3883,3883,[613]
3884,3884,[505]
3885,3885,[12]
3886,3886,[778]
3887,3887,[1290]
3888,3888,[150]
3889,3889,[253]
3890,3890,[1019]
3891,3891,[830]
3892,3892,[1399]
3893,3893,[12]
3894,3894,[980]
3895,3895,[248]
3896,3896,[63]
3897,3897,[427]
3898,3898,[1310]
3899,3899,[117]
3900,3900,[369]
3901,3901,[634]
3902,3902,[1047]
3903,3903,[296]
3904,3904,[497]
3905,3905,[451]
3906,3906,[458]
3907,3907,[203]
3908,3908,[699]
3909,3909,[12]
3910,3910,[699]
3911,3911,[13]
3912,3912,[692]
3913,3913,[899]
3914,3914,[157]
3915,3915,[1053]
3916,3916,[335]
3917,3917,[171]
3918,3918,[522]
3919,3919,[63]
3920,3920,[691]
3921,3921,[1107]
3922,3922,[556]
3923,3923,[258]
3924,3924,[654]
3925,3925,[367]
3926,3926,[99]
3927,3927,[503]
3928,3928,[272]
3929,3929,[180]
3930,3930,[1412]
3931,3931,[86]
3932,3932,[47]
3933,3933,[1665]
3934,3934,[1082]
3935,3935,[116]
3936,3936,[146]
3937,3937,[149]
3938,3938,[310]
3939,3939,[14]
3940,3940,[1024]
3941,3941,[13]
3942,3942,[14]
3943,3943,[1047]
3944,3944,[758]
3945,3945,[108]
3946,3946,[407]
3947,3947,[449]
3948,3948,[110]
3949,3949,[157]
3950,3950,[844]
3951,3951,[22]
3952,3952,[63]
3953,3953,[522]
3954,3954,[685]
3955,3955,[691]
3956,3956,[451]
3957,3957,[296]
3958,3958,[82]
3959,3959,[4]
3960,3960,[824]
3961,3961,[289]
3962,3962,[25]
3963,3963,[488]
3964,3964,[1762]
3965,3965,[86]
3966,3966,[1505]
3967,3967,[145]
3968,3968,[187]
3969,3969,[397]
3970,3970,[702]
3971,3971,[662]
3972,3972,[148]
3973,3973,[396]
3974,3974,[86]
3975,3975,[344]
3976,3976,[29]
3977,3977,[421]
3978,3978,[500]
3979,3979,[2291]
3980,3980,[1353]
3981,3981,[65]
3982,3982,[203]
3983,3983,[478]
3984,3984,[1405]
3985,3985,[133]
3986,3986,[654]
3987,3987,[2282]
3988,3988,[962]
3989,3989,[149]
3990,3990,[662]
3991,3991,[943]
3992,3992,[146]
3993,3993,[1047]
3994,3994,[145]
3995,3995,[812]
3996,3996,[584]
3997,3997,[895]
3998,3998,[63]
3999,3999,[898]
4000,4000,[717]
4001,4001,[370]
4002,4002,[203]
4003,4003,[143]
4004,4004,[45]
4005,4005,[542]
4006,4006,[99]
4007,4007,[82]
4008,4008,[76]
4009,4009,[1126]
4010,4010,[187]
4011,4011,[34]
4012,4012,[63]
4013,4013,[2093]
4014,4014,[55]
4015,4015,[20]
4016,4016,[158]
4017,4017,[321]
4018,4018,[894]
4019,4019,[40]
4020,4020,[125]
4021,4021,[1293]
4022,4022,[490]
4023,4023,[699]
4024,4024,[105]
4025,4025,[120]
4026,4026,[207]
4027,4027,[393]
4028,4028,[1484]
4029,4029,[969]
4030,4030,[898]
4031,4031,[522]
4032,4032,[1130]
4033,4033,[63]
4034,4034,[323]
4035,4035,[1107]
4036,4036,[463]
4037,4037,[47]
4038,4038,[82]
4039,4039,[699]
4040,4040,[114]
4041,4041,[63]
4042,4042,[632]
4043,4043,[1124]
4044,4044,[2784]
4045,4045,[894]
4046,4046,[514]
4047,4047,[1597]
4048,4048,[1028]
4049,4049,[894]
4050,4050,[639]
4051,4051,[315]
4052,4052,[844]
4053,4053,[700]
4054,4054,[691]
4055,4055,[852]
4056,4056,[865]
4057,4057,[63]
4058,4058,[35]
4059,4059,[12]
4060,4060,[2163]
4061,4061,[564]
4062,4062,[63]
4063,4063,[453]
4064,4064,[114]
4065,4065,[110]
4066,4066,[184]
4067,4067,[662]
4068,4068,[334]
4069,4069,[400]
4070,4070,[488]
4071,4071,[14]
4072,4072,[110]
4073,4073,[47]
4074,4074,[263]
4075,4075,[688]
4076,4076,[376]
4077,4077,[376]
4078,4078,[969]
4079,4079,[60]
4080,4080,[9]
4081,4081,[510]
4082,4082,[1211]
4083,4083,[189]
4084,4084,[1315]
4085,4085,[300]
4086,4086,[323]
4087,4087,[328]
4088,4088,[1436]
4089,4089,[1261]
4090,4090,[549]
4091,4091,[552]
4092,4092,[894]
4093,4093,[14]
4094,4094,[145]
4095,4095,[12]
4096,4096,[296]
4097,4097,[470]
4098,4098,[747]
4099,4099,[642]
4100,4100,[50]
4101,4101,[875]
4102,4102,[340]
4103,4103,[4]
4104,4104,[550]
4105,4105,[113]
4106,4106,[114]
4107,4107,[63]
4108,4108,[243]
4109,4109,[12]
4110,4110,[1047]
4111,4111,[991]
4112,4112,[557]
4113,4113,[1389]
4114,4114,[641]
4115,4115,[50]
4116,4116,[263]
4117,4117,[296]
4118,4118,[793]
4119,4119,[4]
4120,4120,[1441]
4121,4121,[133]
4122,4122,[1705]
4123,4123,[1107]
4124,4124,[593]
4125,4125,[1536]
4126,4126,[1887]
4127,4127,[698]
4128,4128,[310]
4129,4129,[522]
4130,4130,[12]
4131,4131,[114]
4132,4132,[300]
4133,4133,[152]
4134,4134,[865]
4135,4135,[1006]
4136,4136,[35]
4137,4137,[542]
4138,4138,[319]
4139,4139,[503]
4140,4140,[248]
4141,4141,[490]
4142,4142,[787]
4143,4143,[66]
4144,4144,[1367]
4145,4145,[63]
4146,4146,[316]
4147,4147,[325]
4148,4148,[22]
4149,4149,[110]
4150,4150,[148]
4151,4151,[421]
4152,4152,[117]
4153,4153,[63]
4154,4154,[134]
4155,4155,[436]
4156,4156,[70]
4157,4157,[47]
4158,4158,[296]
4159,4159,[777]
4160,4160,[195]
4161,4161,[110]
4162,4162,[177]
4163,4163,[755]
4164,4164,[394]
4165,4165,[510]
4166,4166,[4]
4167,4167,[2]
4168,4168,[1178]
4169,4169,[400]
4170,4170,[146]
4171,4171,[114]
4172,4172,[115]
4173,4173,[750]
4174,4174,[962]
4175,4175,[71]
4176,4176,[98]
4177,4177,[86]
4178,4178,[4]
4179,4179,[758]
4180,4180,[157]
4181,4181,[114]
4182,4182,[797]
4183,4183,[380]
4184,4184,[548]
4185,4185,[12]
4186,4186,[1196]
4187,4187,[155]
4188,4188,[14]
4189,4189,[1430]
4190,4190,[416]
4191,4191,[111]
4192,4192,[470]
4193,4193,[394]
4194,4194,[274]
4195,4195,[1211]
4196,4196,[125]
4197,4197,[510]
4198,4198,[335]
4199,4199,[40]
4200,4200,[474]
4201,4201,[155]
4202,4202,[1589]
4203,4203,[1282]
4204,4204,[639]
4205,4205,[1014]
4206,4206,[822]
4207,4207,[77]
4208,4208,[662]
4209,4209,[4]
4210,4210,[2100]
4211,4211,[2132]
4212,4212,[116]
4213,4213,[110]
4214,4214,[473]
4215,4215,[436]
4216,4216,[576]
4217,4217,[110]
4218,4218,[407]
4219,4219,[393]
4220,4220,[274]
4221,4221,[25]
4222,4222,[86]
4223,4223,[453]
4224,4224,[348]
4225,4225,[29]
4226,4226,[486]
4227,4227,[47]
4228,4228,[952]
4229,4229,[575]
4230,4230,[137]
4231,4231,[172]
4232,4232,[310]
4233,4233,[765]
4234,4234,[688]
4235,4235,[662]
4236,4236,[114]
4237,4237,[1666]
4238,4238,[4]
4239,4239,[288]
4240,4240,[1175]
4241,4241,[830]
4242,4242,[1824]
4243,4243,[180]
4244,4244,[911]
4245,4245,[510]
4246,4246,[986]
4247,4247,[698]
4248,4248,[1614]
4249,4249,[117]
4250,4250,[4]
4251,4251,[1614]
4252,4252,[1389]
4253,4253,[35]
4254,4254,[274]
4255,4255,[203]
4256,4256,[1086]
4257,4257,[120]
4258,4258,[82]
4259,4259,[180]
4260,4260,[557]
4261,4261,[639]
4262,4262,[1367]
4263,4263,[120]
4264,4264,[778]
4265,4265,[1147]
4266,4266,[184]
4267,4267,[51]
4268,4268,[983]
4269,4269,[380]
4270,4270,[556]
4271,4271,[1369]
4272,4272,[113]
4273,4273,[1136]
4274,4274,[115]
4275,4275,[77]
4276,4276,[203]
4277,4277,[277]
4278,4278,[148]
4279,4279,[158]
4280,4280,[86]
4281,4281,[963]
4282,4282,[4]
4283,4283,[557]
4284,4284,[488]
4285,4285,[510]
4286,4286,[627]
4287,4287,[1047]
4288,4288,[1174]
4289,4289,[22]
4290,4290,[63]
4291,4291,[522]
4292,4292,[14]
4293,4293,[1107]
4294,4294,[1865]
4295,4295,[187]
4296,4296,[35]
4297,4297,[969]
4298,4298,[401]
4299,4299,[300]
4300,4300,[1195]
4301,4301,[20]
4302,4302,[1028]
4303,4303,[47]
4304,4304,[29]
4305,4305,[698]
4306,4306,[403]
4307,4307,[14]
4308,4308,[300]
4309,4309,[14]
4310,4310,[449]
4311,4311,[473]
4312,4312,[425]
4313,4313,[160]
4314,4314,[1149]
4315,4315,[17]
4316,4316,[133]
4317,4317,[930]
4318,4318,[47]
4319,4319,[86]
4320,4320,[4]
4321,4321,[1047]
4322,4322,[305]
4323,4323,[14]
4324,4324,[171]
4325,4325,[688]
4326,4326,[1024]
4327,4327,[145]
4328,4328,[97]
4329,4329,[45]
4330,4330,[510]
4331,4331,[187]
4332,4332,[1028]
4333,4333,[770]
4334,4334,[1174]
4335,4335,[527]
4336,4336,[421]
4337,4337,[82]
4338,4338,[803]
4339,4339,[47]
4340,4340,[58]
4341,4341,[495]
4342,4342,[704]
4343,4343,[1001]
4344,4344,[1038]
4345,4345,[203]
4346,4346,[564]
4347,4347,[187]
4348,4348,[750]
4349,4349,[4]
4350,4350,[511]
4351,4351,[296]
4352,4352,[576]
4353,4353,[1228]
4354,4354,[1028]
4355,4355,[4]
4356,4356,[24]
4357,4357,[424]
4358,4358,[24]
4359,4359,[295]
4360,4360,[203]
4361,4361,[207]
4362,4362,[451]
4363,4363,[136]
4364,4364,[2163]
4365,4365,[148]
4366,4366,[44]
4367,4367,[158]
4368,4368,[14]
4369,4369,[60]
4370,4370,[657]
4371,4371,[187]
4372,4372,[306]
4373,4373,[114]
4374,4374,[45]
4375,4375,[58]
4376,4376,[377]
4377,4377,[171]
4378,4378,[2607]
4379,4379,[958]
4380,4380,[187]
4381,4381,[797]
4382,4382,[47]
4383,4383,[492]
4384,4384,[47]
4385,4385,[1330]
4386,4386,[282]
4387,4387,[63]
4388,4388,[473]
4389,4389,[157]
4390,4390,[593]
4391,4391,[22]
4392,4392,[253]
4393,4393,[593]
4394,4394,[134]
4395,4395,[629]
4396,4396,[184]
4397,4397,[376]
4398,4398,[3]
4399,4399,[1405]
4400,4400,[1001]
4401,4401,[47]
4402,4402,[272]
4403,4403,[1505]
4404,4404,[47]
4405,4405,[407]
4406,4406,[93]
4407,4407,[848]
4408,4408,[187]
4409,4409,[47]
4410,4410,[641]
4411,4411,[866]
4412,4412,[181]
4413,4413,[458]
4414,4414,[17]
4415,4415,[207]
4416,4416,[145]
4417,4417,[681]
4418,4418,[47]
4419,4419,[639]
4420,4420,[82]
4421,4421,[830]
4422,4422,[44]
4423,4423,[17]
4424,4424,[1614]
4425,4425,[681]
4426,4426,[114]
4427,4427,[47]
4428,4428,[314]
4429,4429,[1053]
4430,4430,[47]
4431,4431,[77]
4432,4432,[1196]
4433,4433,[595]
4434,4434,[593]
4435,4435,[171]
4436,4436,[401]
4437,4437,[127]
4438,4438,[662]
4439,4439,[1215]
4440,4440,[627]
4441,4441,[24]
4442,4442,[298]
4443,4443,[1817]
4444,4444,[3192]
4445,4445,[157]
4446,4446,[288]
4447,4447,[377]
4448,4448,[269]
4449,4449,[478]
4450,4450,[14]
4451,4451,[189]
4452,4452,[114]
4453,4453,[766]
4454,4454,[181]
4455,4455,[305]
4456,4456,[1195]
4457,4457,[186]
4458,4458,[158]
4459,4459,[17]
4460,4460,[478]
4461,4461,[184]
4462,4462,[45]
4463,4463,[2163]
4464,4464,[161]
4465,4465,[1436]
4466,4466,[1201]
4467,4467,[274]
4468,4468,[430]
4469,4469,[157]
4470,4470,[1047]
4471,4471,[563]
4472,4472,[962]
4473,4473,[97]
4474,4474,[503]
4475,4475,[765]
4476,4476,[371]
4477,4477,[269]
4478,4478,[451]
4479,4479,[86]
4480,4480,[120]
4481,4481,[123]
4482,4482,[2166]
4483,4483,[966]
4484,4484,[1053]
4485,4485,[1452]
4486,4486,[632]
4487,4487,[760]
4488,4488,[924]
4489,4489,[478]
4490,4490,[875]
4491,4491,[171]
4492,4492,[195]
4493,4493,[146]
4494,4494,[114]
4495,4495,[510]
4496,4496,[1528]
4497,4497,[86]
4498,4498,[47]
4499,4499,[1067]
4500,4500,[870]
4501,4501,[1329]
4502,4502,[695]
4503,4503,[17]
4504,4504,[1111]
4505,4505,[1195]
4506,4506,[531]
4507,4507,[63]
4508,4508,[894]
4509,4509,[631]
4510,4510,[522]
4511,4511,[97]
4512,4512,[99]
4513,4513,[1603]
4514,4514,[13]
4515,4515,[169]
4516,4516,[623]
4517,4517,[398]
4518,4518,[1435]
4519,4519,[277]
4520,4520,[366]
4521,4521,[319]
4522,4522,[134]
4523,4523,[514]
4524,4524,[63]
4525,4525,[148]
4526,4526,[82]
4527,4527,[389]
4528,4528,[548]
4529,4529,[108]
4530,4530,[114]
4531,4531,[400]
4532,4532,[253]
4533,4533,[120]
4534,4534,[699]
4535,4535,[14]
4536,4536,[110]
4537,4537,[3]
4538,4538,[152]
4539,4539,[35]
4540,4540,[303]
4541,4541,[14]
4542,4542,[63]
4543,4543,[1713]
4544,4544,[63]
4545,4545,[206]
4546,4546,[29]
4547,4547,[593]
4548,4548,[875]
4549,4549,[662]
4550,4550,[47]
4551,4551,[114]
4552,4552,[508]
4553,4553,[223]
4554,4554,[866]
4555,4555,[12]
4556,4556,[47]
4557,4557,[184]
4558,4558,[108]
4559,4559,[206]
4560,4560,[22]
4561,4561,[158]
4562,4562,[296]
4563,4563,[274]
4564,4564,[203]
4565,4565,[305]
4566,4566,[114]
4567,4567,[658]
4568,4568,[631]
4569,4569,[510]
4570,4570,[300]
4571,4571,[305]
4572,4572,[758]
4573,4573,[247]
4574,4574,[510]
4575,4575,[685]
4576,4576,[88]
4577,4577,[905]
4578,4578,[1191]
4579,4579,[2088]
4580,4580,[288]
4581,4581,[470]
4582,4582,[214]
4583,4583,[177]
4584,4584,[698]
4585,4585,[47]
4586,4586,[593]
4587,4587,[1047]
4588,4588,[63]
4589,4589,[398]
4590,4590,[812]
4591,4591,[269]
4592,4592,[476]
4593,4593,[788]
4594,4594,[12]
4595,4595,[289]
4596,4596,[661]
4597,4597,[1254]
4598,4598,[485]
4599,4599,[305]
4600,4600,[778]
4601,4601,[256]
4602,4602,[13]
4603,4603,[289]
4604,4604,[704]
4605,4605,[108]
4606,4606,[398]
4607,4607,[1272]
4608,4608,[288]
4609,4609,[782]
4610,4610,[2]
4611,4611,[278]
4612,4612,[634]
4613,4613,[22]
4614,4614,[29]
4615,4615,[522]
4616,4616,[277]
4617,4617,[155]
4618,4618,[401]
4619,4619,[704]
4620,4620,[155]
4621,4621,[32]
4622,4622,[178]
4623,4623,[564]
4624,4624,[503]
4625,4625,[50]
4626,4626,[958]
4627,4627,[662]
4628,4628,[1367]
4629,4629,[618]
4630,4630,[400]
4631,4631,[1361]
4632,4632,[305]
4633,4633,[203]
4634,4634,[573]
4635,4635,[158]
4636,4636,[29]
4637,4637,[12]
4638,4638,[315]
4639,4639,[63]
4640,4640,[158]
4641,4641,[63]
4642,4642,[592]
4643,4643,[86]
4644,4644,[448]
4645,4645,[380]
4646,4646,[699]
4647,4647,[29]
4648,4648,[153]
4649,4649,[35]
4650,4650,[212]
4651,4651,[47]
4652,4652,[754]
4653,4653,[194]
4654,4654,[491]
4655,4655,[272]
4656,4656,[203]
4657,4657,[762]
4658,4658,[563]
4659,4659,[76]
4660,4660,[40]
4661,4661,[278]
4662,4662,[250]
4663,4663,[47]
4664,4664,[788]
4665,4665,[1047]
4666,4666,[314]
4667,4667,[88]
4668,4668,[788]
4669,4669,[478]
4670,4670,[110]
4671,4671,[172]
4672,4672,[63]
4673,4673,[63]
4674,4674,[366]
4675,4675,[14]
4676,4676,[60]
4677,4677,[865]
4678,4678,[187]
4679,4679,[538]
4680,4680,[229]
4681,4681,[12]
4682,4682,[514]
4683,4683,[14]
4684,4684,[734]
4685,4685,[146]
4686,4686,[14]
4687,4687,[969]
4688,4688,[338]
4689,4689,[40]
4690,4690,[86]
4691,4691,[2264]
4692,4692,[17]
4693,4693,[153]
4694,4694,[394]
4695,4695,[158]
4696,4696,[1520]
4697,4697,[189]
4698,4698,[1470]
4699,4699,[24]
4700,4700,[17]
4701,4701,[63]
4702,4702,[171]
4703,4703,[25]
4704,4704,[97]
4705,4705,[514]
4706,4706,[7]
4707,4707,[148]
4708,4708,[35]
4709,4709,[89]
4710,4710,[143]
4711,4711,[13]
4712,4712,[40]
4713,4713,[1717]
4714,4714,[958]
4715,4715,[47]
4716,4716,[1212]
4717,4717,[171]
4718,4718,[942]
4719,4719,[662]
4720,4720,[184]
4721,4721,[47]
4722,4722,[24]
4723,4723,[14]
4724,4724,[1102]
4725,4725,[278]
4726,4726,[296]
4727,4727,[815]
4728,4728,[1107]
4729,4729,[2690]
4730,4730,[4]
4731,4731,[794]
4732,4732,[136]
4733,4733,[274]
4734,4734,[1177]
4735,4735,[744]
4736,4736,[291]
4737,4737,[13]
4738,4738,[305]
4739,4739,[2351]
4740,4740,[400]
4741,4741,[1674]
4742,4742,[203]
4743,4743,[63]
4744,4744,[47]
4745,4745,[20]
4746,4746,[634]
4747,4747,[125]
4748,4748,[189]
4749,4749,[194]
4750,4750,[47]
4751,4751,[113]
4752,4752,[788]
4753,4753,[931]
4754,4754,[70]
4755,4755,[47]
4756,4756,[47]
4757,4757,[22]
4758,4758,[425]
4759,4759,[187]
4760,4760,[47]
4761,4761,[1186]
4762,4762,[315]
4763,4763,[47]
4764,4764,[788]
4765,4765,[187]
4766,4766,[42]
4767,4767,[681]
4768,4768,[549]
4769,4769,[47]
4770,4770,[398]
4771,4771,[788]
4772,4772,[277]
4773,4773,[272]
4774,4774,[871]
4775,4775,[305]
4776,4776,[86]
4777,4777,[113]
4778,4778,[788]
4779,4779,[68]
4780,4780,[47]
4781,4781,[1794]
4782,4782,[698]
4783,4783,[1186]
4784,4784,[26]
4785,4785,[160]
4786,4786,[47]
4787,4787,[488]
4788,4788,[821]
4789,4789,[47]
4790,4790,[1290]
4791,4791,[1484]
4792,4792,[2]
4793,4793,[35]
4794,4794,[274]
4795,4795,[822]
4796,4796,[1076]
4797,4797,[1666]
4798,4798,[113]
4799,4799,[130]
4800,4800,[400]
4801,4801,[425]
4802,4802,[715]
4803,4803,[2889]
4804,4804,[47]
4805,4805,[499]
4806,4806,[12]
4807,4807,[931]
4808,4808,[24]
4809,4809,[272]
4810,4810,[274]
4811,4811,[2126]
4812,4812,[1411]
4813,4813,[503]
4814,4814,[416]
4815,4815,[264]
4816,4816,[63]
4817,4817,[639]
4818,4818,[1289]
4819,4819,[604]
4820,4820,[1047]
4821,4821,[376]
4822,4822,[604]
4823,4823,[1599]
4824,4824,[115]
4825,4825,[63]
4826,4826,[1186]
4827,4827,[401]
4828,4828,[754]
4829,4829,[713]
4830,4830,[13]
4831,4831,[958]
4832,4832,[63]
4833,4833,[127]
4834,4834,[195]
4835,4835,[82]
4836,4836,[458]
4837,4837,[86]
4838,4838,[919]
4839,4839,[160]
4840,4840,[194]
4841,4841,[1646]
4842,4842,[1051]
4843,4843,[120]
4844,4844,[279]
4845,4845,[516]
4846,4846,[35]
4847,4847,[522]
4848,4848,[289]
4849,4849,[22]
4850,4850,[662]
4851,4851,[1195]
4852,4852,[40]
4853,4853,[779]
4854,4854,[617]
4855,4855,[314]
4856,4856,[114]
4857,4857,[593]
4858,4858,[376]
4859,4859,[206]
4860,4860,[82]
4861,4861,[155]
4862,4862,[133]
4863,4863,[125]
4864,4864,[134]
4865,4865,[488]
4866,4866,[14]
4867,4867,[1024]
4868,4868,[962]
4869,4869,[35]
4870,4870,[514]
4871,4871,[549]
4872,4872,[310]
4873,4873,[14]
4874,4874,[47]
4875,4875,[22]
4876,4876,[169]
4877,4877,[4]
4878,4878,[1264]
4879,4879,[47]
4880,4880,[172]
4881,4881,[958]
4882,4882,[24]
4883,4883,[115]
4884,4884,[788]
4885,4885,[133]
4886,4886,[1599]
4887,4887,[39]
4888,4888,[140]
4889,4889,[279]
4890,4890,[375]
4891,4891,[501]
4892,4892,[828]
4893,4893,[421]
4894,4894,[681]
4895,4895,[1421]
4896,4896,[490]
4897,4897,[39]
4898,4898,[375]
4899,4899,[187]
4900,4900,[63]
4901,4901,[24]
4902,4902,[47]
4903,4903,[12]
4904,4904,[312]
4905,4905,[277]
4906,4906,[1290]
4907,4907,[648]
4908,4908,[713]
4909,4909,[787]
4910,4910,[1630]
4911,4911,[47]
4912,4912,[47]
4913,4913,[113]
4914,4914,[114]
4915,4915,[1080]
4916,4916,[765]
4917,4917,[12]
4918,4918,[296]
4919,4919,[274]
4920,4920,[699]
4921,4921,[501]
4922,4922,[336]
4923,4923,[14]
4924,4924,[1311]
4925,4925,[300]
4926,4926,[115]
4927,4927,[1049]
4928,4928,[758]
4929,4929,[449]
4930,4930,[455]
4931,4931,[929]
4932,4932,[2175]
4933,4933,[110]
4934,4934,[206]
4935,4935,[45]
4936,4936,[1263]
4937,4937,[662]
4938,4938,[1195]
4939,4939,[177]
4940,4940,[47]
4941,4941,[63]
4942,4942,[1127]
4943,4943,[114]
4944,4944,[12]
4945,4945,[1483]
4946,4946,[86]
4947,4947,[416]
4948,4948,[45]
4949,4949,[158]
4950,4950,[13]
4951,4951,[47]
4952,4952,[14]
4953,4953,[971]
4954,4954,[19]
4955,4955,[758]
4956,4956,[689]
4957,4957,[274]
4958,4958,[63]
4959,4959,[403]
4960,4960,[40]
4961,4961,[1195]
4962,4962,[22]
4963,4963,[1264]
4964,4964,[86]
4965,4965,[864]
4966,4966,[17]
4967,4967,[71]
4968,4968,[65]
4969,4969,[63]
4970,4970,[427]
4971,4971,[1444]
4972,4972,[20]
4973,4973,[80]
4974,4974,[40]
4975,4975,[871]
4976,4976,[821]
4977,4977,[874]
4978,4978,[421]
4979,4979,[45]
4980,4980,[1373]
4981,4981,[194]
4982,4982,[23]
4983,4983,[678]
4984,4984,[272]
4985,4985,[114]
4986,4986,[328]
4987,4987,[394]
4988,4988,[219]
4989,4989,[158]
4990,4990,[63]
4991,4991,[63]
4992,4992,[65]
4993,4993,[1024]
4994,4994,[329]
4995,4995,[430]
4996,4996,[1107]
4997,4997,[1053]
4998,4998,[108]
4999,4999,[400]
5000,5000,[1494]
5001,5001,[868]
5002,5002,[503]
5003,5003,[273]
5004,5004,[401]
5005,5005,[1265]
5006,5006,[34]
5007,5007,[424]
5008,5008,[656]
5009,5009,[400]
5010,5010,[802]
5011,5011,[86]
5012,5012,[150]
5013,5013,[870]
5014,5014,[291]
5015,5015,[688]
5016,5016,[788]
5017,5017,[1041]
5018,5018,[400]
5019,5019,[581]
5020,5020,[721]
5021,5021,[751]
5022,5022,[24]
5023,5023,[990]
5024,5024,[151]
5025,5025,[177]
5026,5026,[1367]
5027,5027,[493]
5028,5028,[316]
5029,5029,[662]
5030,5030,[1405]
5031,5031,[32]
5032,5032,[24]
5033,5033,[289]
5034,5034,[468]
5035,5035,[181]
5036,5036,[108]
5037,5037,[15]
5038,5038,[2080]
5039,5039,[770]
5040,5040,[25]
5041,5041,[549]
5042,5042,[564]
5043,5043,[92]
5044,5044,[125]
5045,5045,[1039]
5046,5046,[219]
5047,5047,[370]
5048,5048,[12]
5049,5049,[110]
5050,5050,[47]
5051,5051,[12]
5052,5052,[648]
5053,5053,[1473]
5054,5054,[1263]
5055,5055,[288]
5056,5056,[47]
5057,5057,[2372]
5058,5058,[631]
5059,5059,[765]
5060,5060,[1140]
5061,5061,[158]
5062,5062,[442]
5063,5063,[14]
5064,5064,[77]
5065,5065,[47]
5066,5066,[274]
5067,5067,[647]
5068,5068,[203]
5069,5069,[1314]
5070,5070,[1242]
5071,5071,[407]
5072,5072,[12]
5073,5073,[317]
5074,5074,[272]
5075,5075,[35]
5076,5076,[314]
5077,5077,[12]
5078,5078,[45]
5079,5079,[634]
5080,5080,[1078]
5081,5081,[419]
5082,5082,[20]
5083,5083,[296]
5084,5084,[98]
5085,5085,[125]
5086,5086,[60]
5087,5087,[40]
5088,5088,[223]
5089,5089,[1019]
5090,5090,[63]
5091,5091,[150]
5092,5092,[22]
5093,5093,[12]
5094,5094,[152]
5095,5095,[416]
5096,5096,[47]
5097,5097,[308]
5098,5098,[653]
5099,5099,[27]
5100,5100,[1623]
5101,5101,[60]
5102,5102,[157]
5103,5103,[17]
5104,5104,[71]
5105,5105,[681]
5106,5106,[44]
5107,5107,[495]
5108,5108,[448]
5109,5109,[63]
5110,5110,[165]
5111,5111,[327]
5112,5112,[1151]
5113,5113,[300]
5114,5114,[45]
5115,5115,[187]
5116,5116,[662]
5117,5117,[120]
5118,5118,[35]
5119,5119,[4]
5120,5120,[277]
5121,5121,[47]
5122,5122,[865]
5123,5123,[1001]
5124,5124,[274]
5125,5125,[656]
5126,5126,[495]
5127,5127,[1301]
5128,5128,[155]
5129,5129,[274]
5130,5130,[945]
5131,5131,[153]
5132,5132,[158]
5133,5133,[1195]
5134,5134,[583]
5135,5135,[631]
5136,5136,[1667]
5137,5137,[12]
5138,5138,[1329]
5139,5139,[4]
5140,5140,[522]
5141,5141,[63]
5142,5142,[29]
5143,5143,[82]
5144,5144,[189]
5145,5145,[47]
5146,5146,[277]
5147,5147,[47]
5148,5148,[1717]
5149,5149,[236]
5150,5150,[2291]
5151,5151,[685]
5152,5152,[1172]
5153,5153,[488]
5154,5154,[115]
5155,5155,[12]
5156,5156,[12]
5157,5157,[1301]
5158,5158,[82]
5159,5159,[47]
5160,5160,[194]
5161,5161,[86]
5162,5162,[133]
5163,5163,[274]
5164,5164,[1829]
5165,5165,[14]
5166,5166,[115]
5167,5167,[160]
5168,5168,[787]
5169,5169,[416]
5170,5170,[864]
5171,5171,[273]
5172,5172,[1452]
5173,5173,[158]
5174,5174,[47]
5175,5175,[160]
5176,5176,[145]
5177,5177,[402]
5178,5178,[223]
5179,5179,[70]
5180,5180,[654]
5181,5181,[710]
5182,5182,[458]
5183,5183,[315]
5184,5184,[22]
5185,5185,[133]
5186,5186,[133]
5187,5187,[490]
5188,5188,[133]
5189,5189,[23]
5190,5190,[364]
5191,5191,[29]
5192,5192,[681]
5193,5193,[35]
5194,5194,[455]
5195,5195,[718]
5196,5196,[837]
5197,5197,[1149]
5198,5198,[376]
5199,5199,[13]
5200,5200,[59]
5201,5201,[1348]
5202,5202,[503]
5203,5203,[133]
5204,5204,[114]
5205,5205,[17]
5206,5206,[376]
5207,5207,[828]
5208,5208,[417]
5209,5209,[1252]
5210,5210,[4]
5211,5211,[1290]
5212,5212,[47]
5213,5213,[1211]
5214,5214,[400]
5215,5215,[593]
5216,5216,[503]
5217,5217,[777]
5218,5218,[581]
5219,5219,[899]
5220,5220,[203]
5221,5221,[38]
5222,5222,[394]
5223,5223,[668]
5224,5224,[114]
5225,5225,[115]
5226,5226,[114]
5227,5227,[63]
5228,5228,[29]
5229,5229,[120]
5230,5230,[63]
5231,5231,[871]
5232,5232,[29]
5233,5233,[1049]
5234,5234,[223]
5235,5235,[86]
5236,5236,[155]
5237,5237,[1484]
5238,5238,[400]
5239,5239,[681]
5240,5240,[108]
5241,5241,[114]
5242,5242,[133]
5243,5243,[514]
5244,5244,[710]
5245,5245,[47]
5246,5246,[29]
5247,5247,[1022]
5248,5248,[283]
5249,5249,[909]
5250,5250,[108]
5251,5251,[1290]
5252,5252,[71]
5253,5253,[272]
5254,5254,[758]
5255,5255,[86]
5256,5256,[1196]
5257,5257,[115]
5258,5258,[314]
5259,5259,[177]
5260,5260,[203]
5261,5261,[871]
5262,5262,[1014]
5263,5263,[63]
5264,5264,[1196]
5265,5265,[214]
5266,5266,[189]
5267,5267,[288]
5268,5268,[1589]
5269,5269,[503]
5270,5270,[97]
5271,5271,[4]
5272,5272,[1186]
5273,5273,[47]
5274,5274,[74]
5275,5275,[108]
5276,5276,[134]
5277,5277,[478]
5278,5278,[1287]
5279,5279,[158]
5280,5280,[1103]
5281,5281,[300]
5282,5282,[40]
5283,5283,[45]
5284,5284,[661]
5285,5285,[1289]
5286,5286,[63]
5287,5287,[279]
5288,5288,[1361]
5289,5289,[593]
5290,5290,[146]
5291,5291,[152]
5292,5292,[380]
5293,5293,[947]
5294,5294,[158]
5295,5295,[1195]
5296,5296,[869]
5297,5297,[155]
5298,5298,[203]
5299,5299,[765]
5300,5300,[63]
5301,5301,[372]
5302,5302,[1039]
5303,5303,[47]
5304,5304,[189]
5305,5305,[866]
5306,5306,[522]
5307,5307,[874]
5308,5308,[160]
5309,5309,[990]
5310,5310,[788]
5311,5311,[13]
5312,5312,[274]
5313,5313,[158]
5314,5314,[108]
5315,5315,[128]
5316,5316,[2166]
5317,5317,[916]
5318,5318,[128]
5319,5319,[300]
5320,5320,[14]
5321,5321,[315]
5322,5322,[146]
5323,5323,[458]
5324,5324,[71]
5325,5325,[112]
5326,5326,[171]
5327,5327,[206]
5328,5328,[11]
5329,5329,[206]
5330,5330,[110]
5331,5331,[63]
5332,5332,[1916]
5333,5333,[378]
5334,5334,[32]
5335,5335,[115]
5336,5336,[641]
5337,5337,[777]
5338,5338,[12]
5339,5339,[172]
5340,5340,[1049]
5341,5341,[289]
5342,5342,[296]
5343,5343,[44]
5344,5344,[288]
5345,5345,[177]
5346,5346,[527]
5347,5347,[1153]
5348,5348,[681]
5349,5349,[63]
5350,5350,[86]
5351,5351,[789]
5352,5352,[704]
5353,5353,[326]
5354,5354,[13]
5355,5355,[898]
5356,5356,[184]
5357,5357,[63]
5358,5358,[300]
5359,5359,[187]
5360,5360,[1081]
5361,5361,[80]
5362,5362,[325]
5363,5363,[522]
5364,5364,[157]
5365,5365,[186]
5366,5366,[470]
5367,5367,[14]
5368,5368,[376]
5369,5369,[662]
5370,5370,[50]
5371,5371,[1126]
5372,5372,[114]
5373,5373,[662]
5374,5374,[256]
5375,5375,[2209]
5376,5376,[73]
5377,5377,[80]
5378,5378,[1140]
5379,5379,[82]
5380,5380,[4]
5381,5381,[9]
5382,5382,[1262]
5383,5383,[24]
5384,5384,[366]
5385,5385,[12]
5386,5386,[445]
5387,5387,[115]
5388,5388,[407]
5389,5389,[137]
5390,5390,[520]
5391,5391,[58]
5392,5392,[401]
5393,5393,[2315]
5394,5394,[651]
5395,5395,[4]
5396,5396,[208]
5397,5397,[158]
5398,5398,[503]
5399,5399,[82]
5400,5400,[47]
5401,5401,[45]
5402,5402,[155]
5403,5403,[63]
5404,5404,[47]
5405,5405,[4]
5406,5406,[47]
5407,5407,[801]
5408,5408,[187]
5409,5409,[495]
5410,5410,[187]
5411,5411,[114]
5412,5412,[158]
5413,5413,[305]
5414,5414,[376]
5415,5415,[125]
5416,5416,[136]
5417,5417,[375]
5418,5418,[10]
5419,5419,[1102]
5420,5420,[25]
5421,5421,[546]
5422,5422,[177]
5423,5423,[47]
5424,5424,[14]
5425,5425,[628]
5426,5426,[146]
5427,5427,[321]
5428,5428,[931]
5429,5429,[449]
5430,5430,[22]
5431,5431,[455]
5432,5432,[243]
5433,5433,[1473]
5434,5434,[115]
5435,5435,[630]
5436,5436,[63]
5437,5437,[116]
5438,5438,[158]
5439,5439,[100]
5440,5440,[604]
5441,5441,[118]
5442,5442,[1627]
5443,5443,[666]
5444,5444,[4]
5445,5445,[310]
5446,5446,[284]
5447,5447,[1211]
5448,5448,[662]
5449,5449,[14]
5450,5450,[40]
5451,5451,[527]
5452,5452,[662]
5453,5453,[314]
5454,5454,[29]
5455,5455,[219]
5456,5456,[1418]
5457,5457,[203]
5458,5458,[1107]
5459,5459,[169]
5460,5460,[27]
5461,5461,[1126]
5462,5462,[177]
5463,5463,[14]
5464,5464,[171]
5465,5465,[1202]
5466,5466,[1348]
5467,5467,[416]
5468,5468,[1614]
5469,5469,[274]
5470,5470,[45]
5471,5471,[40]
5472,5472,[12]
5473,5473,[133]
5474,5474,[1040]
5475,5475,[793]
5476,5476,[25]
5477,5477,[120]
5478,5478,[344]
5479,5479,[282]
5480,5480,[713]
5481,5481,[400]
5482,5482,[296]
5483,5483,[63]
5484,5484,[12]
5485,5485,[470]
5486,5486,[380]
5487,5487,[63]
5488,5488,[17]
5489,5489,[137]
5490,5490,[14]
5491,5491,[133]
5492,5492,[14]
5493,5493,[788]
5494,5494,[1126]
5495,5495,[37]
5496,5496,[629]
5497,5497,[606]
5498,5498,[110]
5499,5499,[209]
5500,5500,[604]
5501,5501,[704]
5502,5502,[113]
5503,5503,[307]
5504,5504,[313]
5505,5505,[779]
5506,5506,[660]
5507,5507,[194]
5508,5508,[347]
5509,5509,[133]
5510,5510,[117]
5511,5511,[288]
5512,5512,[426]
5513,5513,[520]
5514,5514,[474]
5515,5515,[86]
5516,5516,[1001]
5517,5517,[155]
5518,5518,[12]
5519,5519,[514]
5520,5520,[214]
5521,5521,[1132]
5522,5522,[1102]
5523,5523,[445]
5524,5524,[22]
5525,5525,[1717]
5526,5526,[115]
5527,5527,[415]
5528,5528,[315]
5529,5529,[742]
5530,5530,[145]
5531,5531,[45]
5532,5532,[12]
5533,5533,[155]
5534,5534,[63]
5535,5535,[45]
5536,5536,[44]
5537,5537,[194]
5538,5538,[1001]
5539,5539,[1188]
5540,5540,[17]
5541,5541,[1178]
5542,5542,[514]
5543,5543,[29]
5544,5544,[375]
5545,5545,[248]
5546,5546,[108]
5547,5547,[1071]
5548,5548,[1186]
5549,5549,[969]
5550,5550,[770]
5551,5551,[865]
5552,5552,[310]
5553,5553,[1369]
5554,5554,[117]
5555,5555,[1721]
5556,5556,[134]
5557,5557,[305]
5558,5558,[86]
5559,5559,[4]
5560,5560,[305]
5561,5561,[335]
5562,5562,[335]
5563,5563,[155]
5564,5564,[108]
5565,5565,[13]
5566,5566,[139]
5567,5567,[830]
5568,5568,[468]
5569,5569,[130]
5570,5570,[1178]
5571,5571,[158]
5572,5572,[1205]
5573,5573,[65]
5574,5574,[1504]
5575,5575,[40]
5576,5576,[1217]
5577,5577,[171]
5578,5578,[50]
5579,5579,[1047]
5580,5580,[470]
5581,5581,[13]
5582,5582,[63]
5583,5583,[1301]
5584,5584,[489]
5585,5585,[50]
5586,5586,[214]
5587,5587,[14]
5588,5588,[1196]
5589,5589,[14]
5590,5590,[314]
5591,5591,[158]
5592,5592,[407]
5593,5593,[274]
5594,5594,[721]
5595,5595,[510]
5596,5596,[2351]
5597,5597,[501]
5598,5598,[108]
5599,5599,[110]
5600,5600,[283]
5601,5601,[305]
5602,5602,[374]
5603,5603,[1405]
5604,5604,[282]
5605,5605,[1127]
5606,5606,[253]
5607,5607,[1195]
5608,5608,[314]
5609,5609,[335]
5610,5610,[148]
5611,5611,[29]
5612,5612,[253]
5613,5613,[71]
5614,5614,[376]
5615,5615,[2223]
5616,5616,[777]
5617,5617,[110]
5618,5618,[401]
5619,5619,[787]
5620,5620,[400]
5621,5621,[425]
5622,5622,[578]
5623,5623,[4]
5624,5624,[520]
5625,5625,[70]
5626,5626,[421]
5627,5627,[114]
5628,5628,[400]
5629,5629,[114]
5630,5630,[1373]
5631,5631,[145]
5632,5632,[12]
5633,5633,[4]
5634,5634,[299]
5635,5635,[400]
5636,5636,[503]
5637,5637,[339]
5638,5638,[47]
5639,5639,[47]
5640,5640,[1086]
5641,5641,[515]
5642,5642,[29]
5643,5643,[503]
5644,5644,[868]
5645,5645,[844]
5646,5646,[400]
5647,5647,[63]
5648,5648,[401]
5649,5649,[305]
5650,5650,[29]
5651,5651,[2]
5652,5652,[189]
5653,5653,[114]
5654,5654,[138]
5655,5655,[47]
5656,5656,[22]
5657,5657,[1146]
5658,5658,[114]
5659,5659,[4]
5660,5660,[4]
5661,5661,[114]
5662,5662,[905]
5663,5663,[572]
5664,5664,[47]
5665,5665,[116]
5666,5666,[127]
5667,5667,[300]
5668,5668,[681]
5669,5669,[2351]
5670,5670,[146]
5671,5671,[29]
5672,5672,[65]
5673,5673,[86]
5674,5674,[662]
5675,5675,[1053]
5676,5676,[335]
5677,5677,[272]
5678,5678,[652]
5679,5679,[1906]
5680,5680,[47]
5681,5681,[114]
5682,5682,[812]
5683,5683,[207]
5684,5684,[172]
5685,5685,[1311]
5686,5686,[478]
5687,5687,[13]
5688,5688,[29]
5689,5689,[63]
5690,5690,[24]
5691,5691,[662]
5692,5692,[47]
5693,5693,[157]
5694,5694,[133]
5695,5695,[40]
5696,5696,[514]
5697,5697,[403]
5698,5698,[801]
5699,5699,[110]
5700,5700,[305]
5701,5701,[398]
5702,5702,[203]
5703,5703,[466]
5704,5704,[778]
5705,5705,[305]
5706,5706,[298]
5707,5707,[1028]
5708,5708,[632]
5709,5709,[348]
5710,5710,[189]
5711,5711,[147]
5712,5712,[692]
5713,5713,[791]
5714,5714,[514]
5715,5715,[146]
5716,5716,[124]
5717,5717,[22]
5718,5718,[1211]
5719,5719,[63]
5720,5720,[152]
5721,5721,[1013]
5722,5722,[63]
5723,5723,[12]
5724,5724,[82]
5725,5725,[508]
5726,5726,[662]
5727,5727,[157]
5728,5728,[1674]
5729,5729,[110]
5730,5730,[133]
5731,5731,[514]
5732,5732,[400]
5733,5733,[274]
5734,5734,[47]
5735,5735,[63]
5736,5736,[158]
5737,5737,[585]
5738,5738,[14]
5739,5739,[947]
5740,5740,[760]
5741,5741,[44]
5742,5742,[14]
5743,5743,[409]
5744,5744,[277]
5745,5745,[593]
5746,5746,[514]
5747,5747,[348]
5748,5748,[189]
5749,5749,[227]
5750,5750,[483]
5751,5751,[264]
5752,5752,[171]
5753,5753,[1127]
5754,5754,[605]
5755,5755,[29]
5756,5756,[427]
5757,5757,[616]
5758,5758,[29]
5759,5759,[269]
5760,5760,[527]
5761,5761,[4]
5762,5762,[1006]
5763,5763,[77]
5764,5764,[514]
5765,5765,[2]
5766,5766,[116]
5767,5767,[278]
5768,5768,[340]
5769,5769,[1051]
5770,5770,[556]
5771,5771,[315]
5772,5772,[47]
5773,5773,[13]
5774,5774,[681]
5775,5775,[272]
5776,5776,[12]
5777,5777,[490]
5778,5778,[326]
5779,5779,[942]
5780,5780,[47]
5781,5781,[516]
5782,5782,[401]
5783,5783,[662]
5784,5784,[277]
5785,5785,[484]
5786,5786,[12]
5787,5787,[812]
5788,5788,[729]
5789,5789,[29]
5790,5790,[749]
5791,5791,[206]
5792,5792,[1001]
5793,5793,[401]
5794,5794,[931]
5795,5795,[158]
5796,5796,[593]
5797,5797,[288]
5798,5798,[314]
5799,5799,[187]
5800,5800,[116]
5801,5801,[274]
5802,5802,[394]
5803,5803,[63]
5804,5804,[274]
5805,5805,[1340]
5806,5806,[207]
5807,5807,[277]
5808,5808,[27]
5809,5809,[14]
5810,5810,[501]
5811,5811,[1061]
5812,5812,[155]
5813,5813,[113]
5814,5814,[765]
5815,5815,[203]
5816,5816,[1126]
5817,5817,[1367]
5818,5818,[120]
5819,5819,[314]
5820,5820,[40]
5821,5821,[409]
5822,5822,[108]
5823,5823,[63]
5824,5824,[47]
5825,5825,[604]
5826,5826,[145]
5827,5827,[47]
5828,5828,[376]
5829,5829,[989]
5830,5830,[1272]
5831,5831,[47]
5832,5832,[660]
5833,5833,[47]
5834,5834,[45]
5835,5835,[34]
5836,5836,[866]
5837,5837,[788]
5838,5838,[58]
5839,5839,[45]
5840,5840,[595]
5841,5841,[134]
5842,5842,[758]
5843,5843,[1452]
5844,5844,[177]
5845,5845,[47]
5846,5846,[227]
5847,5847,[490]
5848,5848,[63]
5849,5849,[788]
5850,5850,[2350]
5851,5851,[61]
5852,5852,[4]
5853,5853,[1149]
5854,5854,[167]
5855,5855,[376]
5856,5856,[63]
5857,5857,[65]
5858,5858,[73]
5859,5859,[291]
5860,5860,[1196]
5861,5861,[844]
5862,5862,[47]
5863,5863,[13]
5864,5864,[503]
5865,5865,[310]
5866,5866,[662]
5867,5867,[1263]
5868,5868,[277]
5869,5869,[206]
5870,5870,[108]
5871,5871,[383]
5872,5872,[116]
5873,5873,[332]
5874,5874,[114]
5875,5875,[12]
5876,5876,[194]
5877,5877,[437]
5878,5878,[155]
5879,5879,[1127]
5880,5880,[401]
5881,5881,[133]
5882,5882,[662]
5883,5883,[203]
5884,5884,[682]
5885,5885,[1127]
5886,5886,[24]
5887,5887,[113]
5888,5888,[35]
5889,5889,[400]
5890,5890,[47]
5891,5891,[1196]
5892,5892,[288]
5893,5893,[86]
5894,5894,[1007]
5895,5895,[184]
5896,5896,[158]
5897,5897,[47]
5898,5898,[958]
5899,5899,[47]
5900,5900,[14]
5901,5901,[108]
5902,5902,[133]
5903,5903,[47]
5904,5904,[171]
5905,5905,[305]
5906,5906,[152]
5907,5907,[86]
5908,5908,[248]
5909,5909,[341]
5910,5910,[758]
5911,5911,[171]
5912,5912,[47]
5913,5913,[207]
5914,5914,[316]
5915,5915,[895]
5916,5916,[133]
5917,5917,[12]
5918,5918,[171]
5919,5919,[86]
5920,5920,[171]
5921,5921,[510]
5922,5922,[47]
5923,5923,[522]
5924,5924,[24]
5925,5925,[277]
5926,5926,[354]
5927,5927,[1124]
5928,5928,[1218]
5929,5929,[713]
5930,5930,[12]
5931,5931,[313]
5932,5932,[1310]
5933,5933,[12]
5934,5934,[296]
5935,5935,[14]
5936,5936,[76]
5937,5937,[47]
5938,5938,[47]
5939,5939,[669]
5940,5940,[1182]
5941,5941,[61]
5942,5942,[296]
5943,5943,[47]
5944,5944,[1051]
5945,5945,[278]
5946,5946,[815]
5947,5947,[287]
5948,5948,[169]
5949,5949,[400]
5950,5950,[116]
5951,5951,[133]
5952,5952,[387]
5953,5953,[63]
5954,5954,[133]
5955,5955,[47]
5956,5956,[12]
5957,5957,[400]
5958,5958,[253]
5959,5959,[564]
5960,5960,[1783]
5961,5961,[12]
5962,5962,[63]
5963,5963,[604]
5964,5964,[160]
5965,5965,[340]
5966,5966,[47]
5967,5967,[114]
5968,5968,[4]
5969,5969,[713]
5970,5970,[16]
5971,5971,[281]
5972,5972,[133]
5973,5973,[1544]
5974,5974,[16]
5975,5975,[1171]
5976,5976,[427]
5977,5977,[2551]
5978,5978,[400]
5979,5979,[1568]
5980,5980,[27]
5981,5981,[145]
5982,5982,[133]
5983,5983,[4]
5984,5984,[1412]
5985,5985,[78]
5986,5986,[1053]
5987,5987,[618]
5988,5988,[778]
5989,5989,[792]
5990,5990,[301]
5991,5991,[116]
5992,5992,[1196]
5993,5993,[147]
5994,5994,[277]
5995,5995,[305]
5996,5996,[133]
5997,5997,[189]
5998,5998,[203]
5999,5999,[662]
6000,6000,[698]
6001,6001,[417]
6002,6002,[86]
6003,6003,[474]
6004,6004,[1024]
6005,6005,[639]
6006,6006,[634]
6007,6007,[40]
6008,6008,[704]
6009,6009,[1824]
6010,6010,[12]
6011,6011,[158]
6012,6012,[47]
6013,6013,[13]
6014,6014,[300]
6015,6015,[59]
6016,6016,[400]
6017,6017,[327]
6018,6018,[514]
6019,6019,[788]
6020,6020,[305]
6021,6021,[35]
6022,6022,[635]
6023,6023,[277]
6024,6024,[1412]
6025,6025,[648]
6026,6026,[133]
6027,6027,[40]
6028,6028,[647]
6029,6029,[986]
6030,6030,[24]
6031,6031,[4]
6032,6032,[150]
6033,6033,[203]
6034,6034,[133]
6035,6035,[155]
6036,6036,[400]
6037,6037,[4]
6038,6038,[24]
6039,6039,[44]
